user_id,user_op,game_result,blitz_rating,user_rating_deviation,user_blitz_total_games,user_best_win_1,user_best_win_2,user_best_win_3
MythagoW,barajasFR,1,1153.0,45.08,6590.0,1320.0,1319.0,1316.0
EDDYJAVIERPEREZ,gisu123,-1,1830.0,45.09,2463.0,2015.0,2009.0,2004.0
mallin777,Osiel09,-1,1981.0,45.87,9712.0,2630.0,2588.0,2584.0
Only10plus0,Piyush_Sahoo-1425,1,1154.0,46.34,980.0,1749.0,1689.0,1660.0
q1_Sergey_1,ensenaringlesencasa,-1,1636.0,45.11,926.0,1779.0,1750.0,1750.0
voschessclub1,Aba031,1,1702.0,,,,,
Vincent_Carly,Zappanale,1,1371.0,,,,,
tahaaljahili,,401,1500.0,500.0,0.0,0.0,0.0,0.0
n-r03,,401,1500.0,500.0,0.0,0.0,0.0,0.0
kevo170,boysnake,0,1081.0,45.06,3586.0,1370.0,1301.0,1279.0
kolulu,JohnnyMotionless,1,1552.0,47.56,1715.0,1610.0,1609.0,1607.0
Colorado88,loesantos,-1,1505.0,118.43,19229.0,1551.0,1527.0,1526.0
cactology,Breiss,1,1421.0,45.04,7765.0,1736.0,1730.0,1721.0
Jota_spa,LKsenija,-1,1486.0,45.23,364.0,1803.0,1736.0,1707.0
redhotblazer2609,rocker82,-1,1328.0,51.63,22109.0,1595.0,1564.0,1557.0
Ntsekana,Rolle57,-1,1776.0,45.07,20995.0,2491.0,2490.0,2444.0
Mollenkijker,DSMartin,-1,1836.0,45.11,4669.0,2007.0,1994.0,1993.0
Pawn_Star_Tal,Nik245,1,928.0,45.13,1678.0,1040.0,1032.0,1010.0
Ti-ki_Q,mrk1slota,1,1882.0,54.21,3521.0,2101.0,2085.0,2080.0
bhola55,PepedeHuelva,-1,880.0,45.06,7534.0,1153.0,1151.0,1143.0
Wangster12,Alexficher,1,1811.0,46.31,3060.0,2062.0,2055.0,2049.0
Cadk-Checkers,hof4711,1,1291.0,45.53,1129.0,1570.0,1565.0,1558.0
shahrams,Gilang-pratama,-1,1880.0,45.38,2048.0,2152.0,2105.0,2069.0
tegarirsyadbanned,O-Faktor,-1,1057.0,45.83,2095.0,1546.0,1457.0,1429.0
sarina0001,B_Kepke,-1,1268.0,45.14,2298.0,1491.0,1475.0,1474.0
renan_nls,jokanboka,1,1586.0,45.13,3582.0,2214.0,2163.0,2148.0
paca83,TheOldZomby,-1,1503.0,45.71,1185.0,1801.0,1783.0,1750.0
H9ntox,Ri_MOMO,1,1167.0,45.0,914.0,1355.0,1351.0,1335.0
Mango_Cat,DiscipleSimon,-1,1242.0,45.04,2670.0,1694.0,1641.0,1632.0
jacopo1395,dautov_r,-1,1256.0,69.01,2167.0,1494.0,1368.0,1358.0
fullofgreif,Pal59,-1,994.0,45.01,6563.0,1437.0,1181.0,1164.0
BusWater,matus-a,1,1556.0,45.81,10898.0,1855.0,1851.0,1801.0
ABDOFadeel,chessM1983,-1,1014.0,45.32,5143.0,1241.0,1239.0,1234.0
apple96880,Misha1921,-1,1921.0,45.1,11776.0,2139.0,2122.0,2116.0
KillerB12,hxnnxs,1,1272.0,45.09,2597.0,2336.0,1933.0,1930.0
Nba_joshy,arciom,-1,1253.0,45.13,14679.0,2007.0,1888.0,1741.0
kmarkin,schettert,0,1965.0,45.0,23739.0,2452.0,2373.0,2363.0
Michail1967,mirmed,1,1975.0,45.04,21463.0,2405.0,2345.0,2325.0
bx331,Sprsprspr,1,1526.0,45.35,4835.0,1671.0,1671.0,1660.0
ian-turner,CoraMueveLaCola,1,1169.0,45.01,16758.0,1561.0,1528.0,1527.0
mptsts,M1968,-1,,,,,,
Geoclass96,Karlos6307,-1,1468.0,,,,,
barbodz,yektam4985,-1,910.0,84.73,35.0,1007.0,934.0,931.0
tzanetaras,jmc56es,-1,1144.0,45.01,12922.0,1773.0,1735.0,1727.0
Vurgez,alirezakavosi,-1,1262.0,46.33,845.0,1889.0,1807.0,1754.0
OIGROIG89,Fishbone9,-1,880.0,45.11,1334.0,1076.0,1053.0,1046.0
Rory_Todd,Bhoybl,-1,1668.0,45.05,29608.0,2373.0,2284.0,2262.0
varun_rao,blackbird89,1,1395.0,45.25,1566.0,1487.0,1484.0,1470.0
sasi151988,FAIL79,-1,1514.0,45.0,3353.0,1797.0,1718.0,1705.0
szaszina,Baclanik,-1,943.0,82.94,133.0,1009.0,1005.0,986.0
Tripp1982,diegobx0,-1,1097.0,214.22,6.0,0.0,0.0,0.0
ALEKC1976,Es13271349,1,1528.0,45.06,26861.0,2131.0,2121.0,2114.0
Sobhy022,davelim2901,1,1329.0,51.05,487.0,1437.0,1422.0,1408.0
projooooooooooooo,Utkbtn,1,728.0,140.55,87.0,1047.0,843.0,831.0
jh128,aedik12,0,1135.0,45.1,1334.0,1358.0,1324.0,1311.0
AdIsInGlA,ArSingla,-1,1067.0,177.92,62.0,1296.0,1197.0,1121.0
olegqusarow,saedede,-1,1757.0,45.04,22302.0,2359.0,2352.0,2338.0
Orxan881,texasdrunkenmonkey,-1,1021.0,54.08,143.0,1232.0,1187.0,1173.0
d_adam_007,Vicctoor,1,984.0,45.0,164.0,1238.0,1211.0,1210.0
TigerKE,john_knight,-1,2062.0,45.0,35603.0,2424.0,2396.0,2374.0
Ayan_Utkarsh,SoulCheckmater_24,-1,1684.0,141.59,13.0,1615.0,1471.0,1339.0
TomasLozano,PantuFace,-1,1764.0,45.07,11886.0,2270.0,2188.0,2145.0
brunzkachln,heg0tgame,-1,1448.0,45.0,10687.0,2062.0,1997.0,1964.0
aryoa,pakiet88,-1,947.0,45.04,634.0,1616.0,1372.0,1269.0
Boy200605,Mario9218,-1,1792.0,45.12,5375.0,2482.0,2212.0,2115.0
paludacris,Turbo37,1,1680.0,45.06,13640.0,2333.0,2014.0,1995.0
beratbaran,KangZaman,-1,1513.0,45.1,5426.0,2122.0,1953.0,1936.0
thanvivundyala2018,Arjun_kasam28,1,1422.0,61.3,481.0,1943.0,1800.0,1773.0
PerteaMarian,Klariniaris,-1,1788.0,45.24,5010.0,2023.0,2020.0,2008.0
Glebyx,Nabagni,0,1170.0,45.08,2791.0,1960.0,1831.0,1771.0
primakov,youssefzz11,1,968.0,50.65,110.0,1115.0,1113.0,1098.0
ramazanilbegi,ttshka92,-1,1151.0,45.06,7014.0,2157.0,2128.0,2053.0
TIMMYLAMNGUYEN,rolltide72,1,1490.0,45.13,13104.0,1768.0,1563.0,1552.0
JD1234567,antoniogora,-1,1769.0,45.17,2145.0,1997.0,1981.0,1962.0
PaulKeresBrillancy,mustapha155,1,1444.0,45.0,29306.0,1746.0,1707.0,1701.0
ycap,otto62,-1,1706.0,116.34,34687.0,1929.0,1912.0,1892.0
koturotifrompuboodu,marinogiudice,1,1087.0,45.07,21788.0,1989.0,1798.0,1684.0
vinod_kumar099,yogimao,1,1350.0,45.06,1460.0,1630.0,1604.0,1595.0
tichodroma_muraria,MaryBUKARI,1,1547.0,45.13,330.0,1984.0,1895.0,1877.0
kartoffelsalattt,yuren707y,-1,1494.0,45.04,10120.0,1935.0,1897.0,1881.0
Hard1k2002,Ravikiran_Smiley,-1,1507.0,62.11,382.0,1674.0,1670.0,1666.0
SonidosEnArmonia,adulyashev,-1,1916.0,45.14,9406.0,2193.0,2186.0,2179.0
tushargun,thesniffer,-1,1037.0,45.34,514.0,1390.0,1207.0,1174.0
NickolasLunaA,D_IO,1,1499.0,45.33,3293.0,1570.0,1570.0,1566.0
AFM_Eliasbelmonte859,Fadey_Cherkas,1,1200.0,45.2,506.0,1995.0,1912.0,1821.0
Sergey763,faezking,1,1883.0,45.1,2108.0,2009.0,1997.0,1991.0
lwlwl123,NOMS-23,1,1599.0,45.16,18288.0,2328.0,2273.0,2251.0
VeganoSS,Caballoloco7,-1,1436.0,45.0,3632.0,2224.0,2106.0,2068.0
Vottu,Andrey7788,-1,1635.0,322.91,1330.0,0.0,0.0,0.0
zkemo,Jagamaister,-1,1368.0,45.28,2874.0,1582.0,1488.0,1455.0
numbalvin,abhilashdxb,1,1043.0,245.15,1533.0,0.0,0.0,0.0
Murad0202,Temirov_TM,1,954.0,49.27,256.0,1113.0,1103.0,1071.0
ShefAU-07_02,,401,1500.0,500.0,0.0,0.0,0.0,0.0
AGrosvenor,,401,1500.0,500.0,0.0,0.0,0.0,0.0
joterode,BILALCHEK,-1,1307.0,45.02,5192.0,1500.0,1498.0,1477.0
codeDF,king1284,-1,1707.0,46.54,5215.0,2443.0,2355.0,2293.0
Dima24rus,ildar_aminev,0,1155.0,45.23,3485.0,1947.0,1377.0,1353.0
RadMir4ik_16082015,vimaltirupur,1,904.0,45.16,947.0,1159.0,1147.0,1145.0
PHONE33,oogabooga44,1,1988.0,45.11,5705.0,2339.0,2315.0,2295.0
kbadri,king9035,-1,1967.0,45.58,3006.0,2079.0,2074.0,2067.0
Berserkers_clow,Tanishchess05,-1,1352.0,45.47,1137.0,1586.0,1535.0,1513.0
Tony_2021,shama_avinash30,-1,2190.0,45.08,32397.0,2520.0,2485.0,2477.0
Radvin64,PouetM,1,1090.0,46.21,4346.0,1421.0,1411.0,1392.0
pranavcam,,401,1500.0,500.0,0.0,0.0,0.0,0.0
kokowawachess,,401,1500.0,500.0,0.0,0.0,0.0,0.0
FighterFL,vkvkvk0370,0,1440.0,45.11,2815.0,1971.0,1814.0,1729.0
Zwaenny,New_Alekhine,-1,1385.0,45.06,30503.0,1786.0,1752.0,1739.0
FreedyFazbeer,SAHYSangurima,-1,950.0,64.54,229.0,1446.0,1249.0,1213.0
guilherme_silveira,Sokol1,1,1556.0,45.17,7834.0,1810.0,1809.0,1794.0
Rishaan55,SHAMS_tabriz,-1,1640.0,45.03,23519.0,2135.0,2124.0,2108.0
T_O_L-BI2006,Burricorneo,1,1880.0,45.16,5760.0,2013.0,1989.0,1987.0
Asiongaber,MrChevelev,-1,1898.0,45.11,9669.0,2323.0,2242.0,2220.0
rot0t0,saturnoftl,-1,989.0,45.03,3340.0,1152.0,1143.0,1132.0
Garou18,BrokenArrow827,1,2094.0,45.02,8228.0,2632.0,2453.0,2408.0
saplaaaaa,genesis90,-1,1672.0,47.74,181.0,1827.0,1779.0,1767.0
JmWamba,Victor-Ortiz,-1,1094.0,45.05,1155.0,1336.0,1271.0,1235.0
R314159265359,Jakub_siska_123,1,956.0,79.37,596.0,1536.0,1527.0,1449.0
AdelElgazzar0,derevo_druidov,1,1006.0,45.09,1361.0,1542.0,1538.0,1519.0
ReTewere,TheGreatestowl,1,923.0,92.8,38.0,1194.0,885.0,799.0
Metinha,ruhsuzhayalet,-1,1922.0,45.28,22582.0,2076.0,2070.0,2065.0
Isco95,Shivananda1964,-1,2402.0,45.02,6482.0,2798.0,2782.0,2756.0
MamaSafrikaGeya,Buda1967,1,2275.0,45.03,7767.0,2546.0,2495.0,2493.0
HKOBE,qwerty13a,-1,1519.0,45.15,3501.0,1826.0,1812.0,1809.0
nasirking,denc-81,-1,1500.0,500.0,7.0,0.0,0.0,0.0
JaroslavBiysk,karunchess,1,2352.0,45.54,3303.0,2576.0,2571.0,2567.0
romaromaroma2013,SashaEkb,1,1255.0,74.23,343.0,1903.0,1685.0,1661.0
CB_Yashwanth,SALOMO2024,-1,1961.0,,,,,
THORFENIXFORCECHESS,djennick1,-1,2008.0,,,,,
edchess1996,your0wner,-1,2279.0,45.17,1045.0,2430.0,2422.0,2411.0
stcteam777,Hacker_Terminator,-1,1693.0,45.52,11385.0,2329.0,2254.0,2249.0
edyhoro,PantherEl,-1,1383.0,48.37,91.0,1642.0,1559.0,1544.0
Deraj123,Os0s98,1,1632.0,57.94,806.0,1808.0,1785.0,1758.0
Odiseei,stefi2000,-1,1447.0,45.17,33932.0,2046.0,2003.0,1946.0
yaredistcool,golibjon6547,1,1361.0,45.47,1266.0,1635.0,1612.0,1571.0
HaRsH-SoRaThIyA,Vidit-Karia,1,463.0,165.47,87.0,1188.0,926.0,868.0
Aryan2015,mpranavnatarajan,-1,1520.0,192.32,61.0,1667.0,1666.0,1641.0
athenapotena,,401,1500.0,500.0,0.0,0.0,0.0,0.0
mike9s1914,,401,1500.0,500.0,0.0,0.0,0.0,0.0
enunes,Deizou7,-1,2051.0,45.16,1611.0,2312.0,2311.0,2303.0
Chessilog13,Rupesh91,1,1172.0,45.23,1105.0,1285.0,1277.0,1273.0
Kesh1354,TRex_Cupo,-1,1054.0,45.47,754.0,1633.0,1619.0,1619.0
Jamle,meq17,-1,1621.0,46.96,3392.0,2154.0,2145.0,2138.0
Pituco19,tired12234,-1,1284.0,45.06,170.0,1608.0,1577.0,1555.0
bacorr1515,kA-adem06,-1,,110.25,4635.0,2366.0,2264.0,2262.0
shivsharma0109,titoamira,-1,,45.0,11425.0,1711.0,1688.0,1684.0
pavlfrag,,401,,500.0,0.0,0.0,0.0,0.0
Lakshiv_123,,401,,500.0,0.0,0.0,0.0,0.0
Gatsby29,bty78,1,,45.01,3087.0,2494.0,2453.0,2440.0
Delicroma2015,EgorShumilun,1,,127.03,34.0,916.0,745.0,722.0
edua28,karasahin070707,-1,,45.11,542.0,1331.0,1177.0,1147.0
erdbeerchen,grabkoam,1,,45.07,7260.0,1978.0,1966.0,1963.0
geraldfernandez17,HeadMadi,-1,,51.19,892.0,2183.0,2114.0,2087.0
SinanTosun55,Liaomin_Tianjin,-1,,45.26,842.0,2179.0,2129.0,2083.0
KNIGHTLOSSEOPHOBIA,syahrul1234,-1,,53.03,375.0,1654.0,1607.0,1606.0
TJ_Woof,Nitishsi7,1,0.0,136.85,7.0,0.0,0.0,0.0
ChessCheens,fneu,1,0.0,45.11,4569.0,1676.0,1562.0,1543.0
hug880107,xessmaster2020,1,0.0,45.32,6620.0,2373.0,2366.0,2362.0
Hardwired_1018,,401,0.0,500.0,0.0,0.0,0.0,0.0
NotoriousChameleon,,401,0.0,500.0,0.0,0.0,0.0,0.0
IROHphoenix,A_Breen9,1,0.0,45.07,3450.0,1476.0,1397.0,1386.0
Oskr27,erkankir,-1,0.0,45.12,102.0,1455.0,1441.0,1352.0
gazikli62,Ali00135,-1,0.0,45.01,1073.0,1673.0,1659.0,1604.0
isaac_99,Mustafakabaa,0,0.0,45.29,95.0,1519.0,1515.0,1505.0
LOTHBROK666,kataty,1,0.0,72.8,842.0,1344.0,1327.0,1277.0
RehanP5E2,nik196,-1,0.0,50.54,845.0,1154.0,1141.0,1141.0
VladimirZhuravlev,Abdelrahman979,1,0.0,46.05,2213.0,2312.0,2068.0,2064.0
Taicosta,synthCat,1,0.0,45.04,13712.0,1783.0,1780.0,1778.0
jasaenzl,watfro874,1,0.0,74.37,947.0,1516.0,1515.0,1502.0
qhDawoud,warash760,-1,0.0,45.04,26503.0,1637.0,1629.0,1610.0
a_chess99,RascarKappa49,-1,0.0,62.52,4236.0,1592.0,1587.0,1582.0
hahuczkij,ApeTss,1,0.0,51.55,1358.0,2605.0,2576.0,2511.0
Franicozzo,Antonio_Policarpo,1,0.0,45.03,24314.0,2101.0,2082.0,2070.0
yayuuuhhhh,,401,0.0,500.0,0.0,0.0,0.0,0.0
KINGPRIOM,,401,0.0,500.0,0.0,0.0,0.0,0.0
skatki,Noory87,-1,0.0,45.09,11525.0,2231.0,2220.0,2212.0
Guhas1000,Achuthegreat,-1,0.0,59.76,294.0,1803.0,1799.0,1735.0
Nachiket_Paturkar,mara_zul,-1,0.0,49.64,117.0,1971.0,1938.0,1938.0
LeliPol,Sven4657,0,0.0,,,,,
SampuHyde,Q1000,-1,0.0,,,,,
MANDOMan13,ahmad1359,-1,0.0,45.07,636.0,2354.0,2151.0,2130.0
Dannyxr1,skrchessdelhi,1,0.0,45.92,2817.0,2211.0,2186.0,2140.0
eduzor,Pm1909,1,0.0,98.09,914.0,2329.0,2216.0,2174.0
FGpaxpYxis,BelkaBelai,0,0.0,107.13,126.0,1277.0,1259.0,1257.0
kob3,jmoo,-1,0.0,45.0,13712.0,2099.0,2044.0,2025.0
leethielemier,baselkhalil,-1,0.0,45.0,18568.0,2103.0,2101.0,2065.0
Bashevkin7,castleking82,1,0.0,45.16,4759.0,1631.0,1625.0,1613.0
pandaha50,,401,0.0,500.0,0.0,0.0,0.0,0.0
dinocup,,401,0.0,500.0,0.0,0.0,0.0,0.0
Calipso1962,Capellannn,-1,0.0,45.26,228.0,1864.0,1863.0,1785.0
kitski69,Casablanca2112,1,0.0,45.36,670.0,2193.0,2189.0,2186.0
Mark140812,Napugayka,-1,0.0,45.1,1818.0,1419.0,1376.0,1370.0
eLalcaravAn,Erreburundi,-1,0.0,45.47,6843.0,2206.0,2135.0,2111.0
RadojeKrgovic,ton1_mahoni,1,0.0,45.05,23409.0,2016.0,1989.0,1979.0
arifhaiqalazman,thrissurthadiyan,-1,0.0,45.1,942.0,1790.0,1689.0,1672.0
En_anjala_macha_ave,alinazavr,0,0.0,45.03,2380.0,2218.0,1918.0,1905.0
Zenbty,zefazry,1,0.0,45.37,5048.0,1712.0,1706.0,1698.0
KNelli,Luis-Imperator,0,0.0,46.8,4331.0,2174.0,2132.0,2019.0
PassedPun,jachess01,0,0.0,45.41,25938.0,2285.0,2280.0,2246.0
Moonster,huayra36,0,0.0,45.07,52997.0,2583.0,2537.0,2535.0
abeersharma24,ManthanMistry,1,0.0,500.0,10.0,0.0,0.0,0.0
Chessmaker_18102009,SemenPuzyrevsky,-1,0.0,50.48,3678.0,2902.0,2868.0,2837.0
tamneck,Limock,-1,0.0,204.91,150.0,0.0,0.0,0.0
CH-189,sibiryakz,-1,0.0,45.11,6612.0,1498.0,1489.0,1477.0
Machinetr,chess_e_pinkman,1,0.0,45.34,1638.0,1913.0,1898.0,1894.0
younessolgi,Rohannijhawan,1,0.0,45.15,299.0,1433.0,1433.0,1369.0
NamanChesslover,knpchess,-1,0.0,45.41,6093.0,2369.0,2152.0,2124.0
combobreaker69,Selantey,-1,0.0,45.05,12874.0,2326.0,2325.0,2322.0
phucnguyen3009,XuanDucpro,-1,0.0,205.09,6.0,0.0,0.0,0.0
roma1375,desertmoon,-1,0.0,45.13,19963.0,2147.0,2137.0,2123.0
adoneria,BENTLARSENG3,1,0.0,45.72,7920.0,2492.0,2470.0,2438.0
mkultyshev,WalidGebril2020,1,0.0,45.18,7177.0,2515.0,2491.0,2476.0
jpjoseph,Jats,-1,0.0,45.05,6158.0,2059.0,2041.0,1965.0
Vithuna2,SantiRamiQ,-1,0.0,45.04,260.0,1342.0,1331.0,1313.0
vihaanvignesh,Suvarnatechnosoft,1,0.0,55.66,55.0,916.0,902.0,892.0
langtuhungyen,max737021,-1,0.0,45.0,15048.0,2161.0,1999.0,1973.0
Teo-fish,Jrawww,-1,0.0,45.09,5601.0,1403.0,1388.0,1386.0
sharifzadeh66,janseb29,-1,0.0,169.55,1638.0,1114.0,1089.0,1083.0
Santy_GomeZz,Mathius033,-1,0.0,45.5,1007.0,2091.0,2088.0,2064.0
RitvikSegan,nazar-arkhypovych,-1,0.0,45.39,2526.0,1490.0,1447.0,1437.0
sorkinskiy,jager-meister,-1,0.0,,,,,
E1nherjar,gem1212,1,0.0,,,,,
yusif_2024,SpheSbiya25,-1,0.0,45.16,12688.0,2287.0,2219.0,2180.0
bmbng_a,OTBVisualization,-1,0.0,46.67,2075.0,1937.0,1929.0,1927.0
Z5_Z5_Z5,affist,-1,0.0,45.03,3233.0,2277.0,2235.0,2234.0
Sebenzaprince,kaimba11,-1,0.0,45.05,55155.0,2560.0,2540.0,2530.0
a1ashu_30,mehran75723,1,0.0,45.14,912.0,1959.0,1956.0,1955.0
e4e5e4c5,,401,0.0,500.0,0.0,0.0,0.0,0.0
RKNAYAK,,401,0.0,500.0,0.0,0.0,0.0,0.0
Sonapoghosyan,lupshaw,-1,0.0,45.01,3367.0,969.0,959.0,952.0
nart22,harrytardas,1,0.0,227.03,12260.0,1578.0,1527.0,1520.0
YamanEmirYilmaz,ymrclk04,1,0.0,410.39,1.0,0.0,0.0,0.0
ibadatchesss,maxicampero,-1,0.0,45.1,559.0,1285.0,1277.0,1262.0
alwaysdreamer,,401,0.0,500.0,0.0,0.0,0.0,0.0
ViggoW,,401,0.0,500.0,0.0,0.0,0.0,0.0
AGmedina,ArsMachine14,1,0.0,45.6,1577.0,2606.0,2518.0,2513.0
heivapoiry,TwoDollar,1,0.0,45.0,853.0,1698.0,1506.0,1506.0
Disturbed_imba_24,M_hosein,-1,0.0,45.16,838.0,1010.0,1006.0,1005.0
tyum6673,Paran2htus,-1,0.0,45.02,5704.0,1798.0,1789.0,1784.0
hoangminhhieu43,sensible_9,-1,0.0,45.03,6687.0,2163.0,2127.0,2113.0
Pickle101,Albitrus,-1,0.0,45.14,3885.0,1924.0,1923.0,1918.0
sledak2021,theheartsofdarkness,1,0.0,45.05,27603.0,2383.0,2381.0,2315.0
curler,sinodAzA,-1,0.0,46.16,6907.0,2234.0,2140.0,2103.0
CaramelTastesGood,towago,-1,0.0,45.01,8094.0,1772.0,1727.0,1724.0
TameemH,WorldChessChampion_1,1,0.0,45.09,188.0,2112.0,2111.0,2109.0
lakf,ChessStirTime,1,0.0,45.19,232.0,1839.0,1615.0,1614.0
Illuwu,Gandadikusumah,-1,0.0,45.36,5079.0,1676.0,1674.0,1670.0
youlostgg,,401,0.0,500.0,0.0,0.0,0.0,0.0
MaratShashkiRus,,401,0.0,500.0,0.0,0.0,0.0,0.0
Anonymous2010_11010,ventvogel,1,0.0,45.14,1293.0,2507.0,2497.0,2471.0
FernanfloorealNofake,Schachgame1,-1,0.0,45.02,12172.0,1858.0,1855.0,1853.0
vyychy,abdenour1964,1,0.0,45.02,11634.0,1729.0,1722.0,1703.0
leflc,HelloKitty898989,-1,0.0,45.12,2243.0,1996.0,1923.0,1837.0
SanyaAD,mark_carlsen,-1,0.0,45.15,5208.0,2208.0,2128.0,2122.0
Frankokiko11,Chess_King_Artur,1,0.0,49.33,859.0,1899.0,1886.0,1631.0
Myuna,Lorisse53,1,0.0,45.08,8959.0,1629.0,1549.0,1543.0
catarata94,backt2play,-1,0.0,75.27,11646.0,1910.0,1845.0,1805.0
Balvin69,JORGE_NobleR-84,-1,0.0,45.18,221.0,1284.0,1230.0,1223.0
lsms91,ben-e-whitney,-1,0.0,45.08,1231.0,1598.0,1565.0,1562.0
Ildarildarov,Kostya1964,1,0.0,45.84,1914.0,1891.0,1880.0,1865.0
llopsa,PKT18,-1,0.0,45.14,3091.0,1545.0,1517.0,1514.0
HR1729,nilla_fillet,1,0.0,59.49,3643.0,1607.0,1596.0,1594.0
GastonBahamonde,Zolpy,-1,0.0,45.0,726.0,1451.0,1441.0,1434.0
Ffigga,rezakh95,-1,0.0,75.93,667.0,1165.0,1152.0,1140.0
jojojossy,amirh12,1,0.0,46.12,345.0,1493.0,1486.0,1471.0
kabachok7,Abid_123,-1,0.0,,,,,
daeton,sneakpeakii,-1,0.0,,,,,
InverseZottman,Mr_Pini,-1,0.0,60.45,570.0,2082.0,2046.0,1994.0
rospa92,Captainmorgan488,1,0.0,45.06,1784.0,1466.0,1432.0,1430.0
Dilmurod05,abumiteb,1,0.0,45.07,12895.0,1815.0,1806.0,1803.0
Jemshadow,Dipaolad,1,0.0,45.93,33236.0,2467.0,2383.0,2344.0
Ths_7,isco084,1,0.0,85.99,41.0,1637.0,1460.0,1405.0
Ashby646476476,Ameisenforscher,1,0.0,91.77,20.0,930.0,924.0,830.0
LUFFY_UZUMAKI,fighterdevesh,-1,0.0,74.75,82.0,2087.0,1908.0,1810.0
prepare-well,motaz4,-1,0.0,45.1,3322.0,2494.0,2454.0,2435.0
volodika83,APA_85,1,0.0,52.74,1461.0,2319.0,2212.0,2201.0
loveforwhisky,UberFico,-1,0.0,49.91,1812.0,1583.0,1571.0,1553.0
Babbione,Hackintosh98,1,0.0,138.86,30.0,0.0,0.0,0.0
ChrisYoung,Vicrors5,-1,0.0,45.1,36547.0,2282.0,2124.0,2102.0
vityaii,,401,0.0,500.0,0.0,0.0,0.0,0.0
rjruiz1416,,401,0.0,500.0,0.0,0.0,0.0,0.0
highlaspd,sandraekaputra,1,0.0,50.59,9156.0,2155.0,2133.0,2124.0
TheGreatestowl,ReTewere,-1,0.0,71.09,569.0,2006.0,1947.0,1907.0
Vladimir-ast,PeritusNauta,-1,0.0,45.05,18317.0,2278.0,2268.0,2254.0
Cavalier-c7,vlhullier,-1,0.0,47.35,4835.0,1800.0,1787.0,1781.0
triplXL,tugaps,0,0.0,45.15,470.0,1189.0,1099.0,1064.0
diabeticdummy,nzn79,-1,0.0,45.1,279.0,1789.0,1773.0,1734.0
AlbinBolle,Mazi_it,1,0.0,45.07,7032.0,1659.0,1647.0,1647.0
jasnob,draiochtvisigoth,1,0.0,47.16,17755.0,2451.0,2284.0,2284.0
cv_efc,WinWinLoseWin,1,0.0,45.14,678.0,1793.0,1780.0,1744.0
gugamidi,lilian542,-1,0.0,45.03,14902.0,1657.0,1638.0,1625.0
Lord_Commander1,Y-18-Y,-1,0.0,108.37,1768.0,1156.0,1090.0,1084.0
Cryptoxenory,d45wad2,1,0.0,71.99,6665.0,2490.0,2306.0,2300.0
Andrei_2022,Paneyvr,-1,0.0,45.01,8609.0,2119.0,2103.0,2101.0
Bauernschreck,AntonioPalomares,1,0.0,45.06,16535.0,1480.0,1479.0,1477.0
vlan4ik,Sonbg,1,0.0,45.3,2108.0,2015.0,2011.0,2009.0
shen6001,ManoelFrazaoNego,-1,0.0,45.25,4957.0,1330.0,1323.0,1323.0
Akoibonn,gaaravhinz,-1,0.0,49.78,4938.0,1496.0,1495.0,1491.0
Azmain210,,401,0.0,500.0,0.0,0.0,0.0,0.0
Twixy254,,401,0.0,500.0,0.0,0.0,0.0,0.0
Mayonezek,UDS89,-1,0.0,45.15,1678.0,2075.0,2057.0,2035.0
rcetger,Manuelsandino,1,0.0,47.88,3027.0,2014.0,1998.0,1976.0
flocyapa,Roma_ch,-1,0.0,45.18,645.0,1921.0,1733.0,1728.0
shiny01,anthonyelbarrio,-1,0.0,48.93,7014.0,1162.0,1147.0,1140.0
JTEZ10,Alerson2373,-1,0.0,45.05,5791.0,2173.0,2169.0,2154.0
Ramazann4,adam_1986A,-1,0.0,45.11,13627.0,2293.0,2260.0,2245.0
Shahriyor_123456,benokareem34,-1,0.0,45.06,2080.0,1410.0,1398.0,1391.0
Bercisius,Angottt38,-1,0.0,45.3,13925.0,2419.0,2416.0,2404.0
wauchina10,marjijek,-1,0.0,45.06,70180.0,2600.0,2584.0,2529.0
julialoscar,SANROCCO,-1,0.0,45.57,3494.0,2093.0,2061.0,1953.0
Jorques55,Voyo21,-1,0.0,45.14,12127.0,1793.0,1788.0,1752.0
mr_asadnia,Gizmo116,-1,0.0,45.12,8405.0,1661.0,1661.0,1649.0
xjesko,maymay777,-1,0.0,72.85,188.0,1214.0,1115.0,1075.0
cossyphus,Lecafe,-1,0.0,45.0,5120.0,2378.0,2333.0,2327.0
kaycak1998,Bardyk02,1,0.0,53.64,499.0,2178.0,2152.0,2140.0
Chidambaram,Dharun11042015,-1,0.0,79.29,53.0,1595.0,1487.0,1399.0
Acrobacia,andrespic6,1,0.0,45.25,10486.0,2422.0,2405.0,2400.0
Gio_vany,Tima212,1,0.0,137.17,235.0,1413.0,1411.0,1405.0
AmericanRiver,ValyT,1,0.0,45.17,4058.0,1917.0,1906.0,1901.0
Srgatoute,helmi-pkt5,-1,0.0,45.1,7199.0,2345.0,2343.0,2331.0
Yakupss6534,sixtyfourandme,-1,0.0,45.15,2385.0,1562.0,1554.0,1513.0
l_C_E,mariano-777,-1,0.0,47.49,627.0,1827.0,1682.0,1682.0
DylanUrielGB,JoseLuisEspinoza,-1,0.0,45.3,13631.0,2577.0,2513.0,2507.0
Ninck7,Hellrider_2018,1,0.0,45.04,4953.0,2221.0,2218.0,2199.0
shivangjoshi,yannick_noah,1,0.0,49.05,2799.0,2211.0,2096.0,2035.0
AR760,sacrifice-the-kiiing,-1,0.0,,,,,
caglayannnmurat,burakkk7,1,0.0,,,,,
Lovya12345,Madhurpreet16728,1,0.0,70.24,62.0,1739.0,1491.0,1473.0
Ebdul89,Ardaxan,-1,0.0,48.47,4559.0,2241.0,2218.0,2200.0
TheOneAndOnl1,Lole-Veli,1,0.0,45.13,19921.0,2049.0,2049.0,2039.0
mobina_77,SaveYrtears,-1,0.0,45.01,8445.0,1856.0,1819.0,1784.0
Germortal,bertzui49,-1,0.0,45.02,52233.0,2405.0,2384.0,2376.0
CrazyRebecca97,alexander56081,-1,0.0,45.29,5562.0,2686.0,2640.0,2614.0
Zalyubovskiy,ChesChamp,1,0.0,54.8,113.0,1478.0,1401.0,1382.0
keremtkycl,Hyzzz,1,0.0,93.07,209.0,931.0,922.0,894.0
Polarblick,Nightfuchs,-1,0.0,108.65,92.0,1220.0,1187.0,1103.0
Finley222,LYX1016,1,0.0,58.14,80.0,927.0,816.0,801.0
mcphisto7,kkkaixo,-1,0.0,45.09,51675.0,2604.0,2552.0,2477.0
a_NameLess,cavaloparaguaio,-1,0.0,55.32,1246.0,2172.0,2157.0,2149.0
michel4547,EACano,-1,0.0,50.72,1950.0,1947.0,1887.0,1878.0
Gorn68,GAMBEU,1,0.0,45.41,4203.0,1812.0,1791.0,1781.0
avishkarKarande,ihabaliaa,-1,0.0,45.21,255.0,1922.0,1919.0,1906.0
kwixote,,401,0.0,500.0,0.0,0.0,0.0,0.0
akourastos36,,401,0.0,500.0,0.0,0.0,0.0,0.0
Saveliy_Solovjov,krasavchikDanila186,-1,0.0,75.99,198.0,1423.0,1421.0,1352.0
sbabitsky169,skorpion123,1,0.0,45.01,40690.0,2077.0,2061.0,2056.0
Shams777,Gorlikov,1,0.0,45.09,27084.0,2269.0,2221.0,2220.0
alexthegreatbraz,Julkchess,1,0.0,45.0,3672.0,2067.0,1941.0,1792.0
jayah73,Evgeny_Sitdikov,-1,0.0,45.16,118.0,1180.0,1093.0,1083.0
ogbmt,joresem,-1,0.0,45.0,5835.0,2261.0,2211.0,2205.0
Karoo61,Sa-1353,1,0.0,128.84,2211.0,2023.0,2015.0,1977.0
Atomaniac,JumpingPawnstorm,-1,0.0,,,,,
meowa92,Mohsenkamalinasab134,1,0.0,,,,,
Nighthawking,Novato367,1,0.0,45.01,1055.0,2011.0,1982.0,1964.0
shacharsidi,Chessmaster832,-1,0.0,47.22,5334.0,2208.0,2191.0,2144.0
Noir619,flandeluxe,-1,0.0,45.05,8912.0,2560.0,2489.0,2454.0
Heesung937,chils,-1,0.0,45.03,17656.0,2424.0,2401.0,2336.0
malekaahmedd,labalsa-Chess,1,0.0,45.09,2516.0,1353.0,1341.0,1330.0
Deepbanik101,sandaljapit,1,0.0,49.07,783.0,1843.0,1773.0,1761.0
Rejecs,MarcusLiciniusCrass,1,0.0,45.02,1100.0,1349.0,1342.0,1334.0
Aalifa17,danteek45,1,0.0,86.08,191.0,1091.0,1079.0,1077.0
Sluchev,Josean8277,0,0.0,,,,,
Diyashastry,Xecutioner09,-1,0.0,,,,,
Trauma915,Timka666,1,0.0,,,,,
m_t-N,Babahan1964,1,0.0,,,,,
Carlosydiaz,Qf21_Glas,-1,0.0,67.69,29.0,2200.0,2119.0,2068.0
dim_login,ochicha,1,0.0,45.04,2952.0,1579.0,1552.0,1535.0
thistlepruner,javy_alvarez,1,0.0,109.86,34.0,1269.0,1144.0,1096.0
muhtar689,joachimgr,1,0.0,55.27,725.0,2114.0,1892.0,1861.0
elpapacho123,Bow55,1,0.0,45.09,23557.0,2231.0,2223.0,2220.0
PaulSAV,SuboczEmma,-1,0.0,166.01,51.0,1312.0,1184.0,1168.0
H434243,Tumokathok,1,0.0,45.57,2669.0,2219.0,2214.0,2208.0
ishaky,UpToy,1,0.0,45.0,3011.0,1580.0,1551.0,1540.0
JOHNNYCATSWILL,SuperSayian2,-1,0.0,135.79,1995.0,1868.0,1759.0,1688.0
PedroDz,Cheeku_Chills,-1,0.0,46.93,1165.0,2130.0,2023.0,1973.0
AxelRose,LolOlololololololooo,-1,0.0,52.16,153.0,2140.0,1953.0,1937.0
HossamAdel2020,wheresfischer,-1,0.0,45.02,300.0,1811.0,1801.0,1783.0
animuponi,panpan87,-1,0.0,45.23,4033.0,1468.0,1464.0,1457.0
JEOB71,moroz_original,1,0.0,45.06,8323.0,1380.0,1376.0,1341.0
ArteMironov23,Juelly,-1,0.0,45.02,6416.0,1150.0,1147.0,1146.0
Romario_1976,stepanshina,1,0.0,154.89,630.0,1762.0,1712.0,1709.0
Totla,oday99adi,-1,0.0,45.22,6049.0,1373.0,1355.0,1327.0
Crazy4you,BOXPA,1,0.0,45.11,64894.0,2369.0,2321.0,2312.0
TomasSosa,kasparik_garik,1,0.0,45.0,30502.0,2995.0,2920.0,2918.0
KonnahBernard,owen77,0,0.0,45.01,1149.0,1512.0,1502.0,1497.0
princebenzema,juon10ene,1,0.0,45.0,3508.0,1556.0,1540.0,1439.0
mayeight,AydarShah,1,0.0,45.04,15084.0,2133.0,2114.0,2103.0
MaM232,mxg85,-1,0.0,45.05,4502.0,1757.0,1751.0,1747.0
OshodiOstrich,YassaveevMansour,0,0.0,45.14,6201.0,2191.0,2171.0,2168.0
flo-mate,Rameshwar22,1,0.0,45.07,2427.0,1224.0,1186.0,1185.0
Lala_a,omsol,-1,0.0,45.0,19914.0,2090.0,2083.0,2082.0
TotemJulien,Zhantore_KZ,-1,0.0,45.15,3691.0,2508.0,2441.0,2415.0
hhhhjjjjdkkk,Jigjee,1,0.0,60.28,980.0,1438.0,1403.0,1400.0
DavisA24,emrah-ylz,1,0.0,63.51,514.0,977.0,976.0,965.0
DuraiNainar,AlasKaPedh,1,0.0,45.14,280.0,1397.0,1211.0,1203.0
avyaanmodi25,Ayansh_2016,-1,0.0,55.13,583.0,1538.0,1430.0,1375.0
bluedcheese,,401,0.0,500.0,0.0,0.0,0.0,0.0
Bliendcheckmate,,401,0.0,500.0,0.0,0.0,0.0,0.0
mixan_yy,naarrr,-1,0.0,83.74,18.0,2037.0,1965.0,1957.0
MosDmitry,dieterbrain,1,0.0,45.11,10358.0,1266.0,1175.0,1173.0
thomet,DanGlz,-1,0.0,45.0,7175.0,1906.0,1887.0,1882.0
Ngotranbachthang,Trash_at_Chess_123,1,0.0,58.2,924.0,1997.0,1978.0,1896.0
gmshantanutambe,tuhindeshmukh,-1,0.0,45.13,6557.0,1256.0,1242.0,1236.0
Renat116,hewei_champ,1,0.0,45.15,3229.0,1201.0,1171.0,1159.0
Derdiyok,jhooth,-1,0.0,110.38,19.0,1050.0,1030.0,1023.0
randomshawn,ilfustigatore,-1,0.0,45.1,2162.0,2121.0,2118.0,2099.0
dcons28,phoenix_chess_2024,-1,0.0,45.8,2707.0,1845.0,1773.0,1761.0
BatuBaygin,dinoarmas,1,0.0,45.0,8988.0,1286.0,1263.0,1256.0
Paulz2110,J2001622642,-1,0.0,45.14,1380.0,1903.0,1856.0,1847.0
Lighting10,iz_yakutska,-1,0.0,45.03,3215.0,2373.0,2260.0,2252.0
AlanaSue0705,Herwig1,-1,0.0,48.32,3865.0,1559.0,1439.0,1384.0
jatop,Ale965XD,-1,0.0,53.46,1155.0,2096.0,1919.0,1870.0
kouroshkhan1,ZAza188,-1,0.0,50.96,439.0,1061.0,1048.0,1023.0
eumensalamanca,CitizenC,-1,0.0,45.12,4213.0,1629.0,1603.0,1601.0
km_H_lthung_2017,AtharvaGangil1904,-1,0.0,287.38,4.0,0.0,0.0,0.0
AlexandrErdakov,LearningchessIguess,1,0.0,46.25,461.0,1830.0,1171.0,1133.0
Sem_2012,Okba7777,0,0.0,45.31,7847.0,2396.0,2394.0,2381.0
koyika74,capybaric,-1,0.0,95.74,91.0,1229.0,1139.0,1111.0
zverek,Mervado,-1,0.0,45.02,1028.0,2495.0,2458.0,2446.0
Brunaldo7,ismailkayir,1,0.0,45.09,8667.0,1581.0,1571.0,1554.0
Alexey1683,Maheswarareddy4321,-1,0.0,46.17,530.0,1304.0,1249.0,1226.0
F94NKL1N,FSan217,1,0.0,45.03,922.0,1788.0,1303.0,1256.0
Marat37,Milana-Yasn,1,0.0,47.88,19905.0,2494.0,2480.0,2477.0
the_prime_mover,,401,0.0,500.0,0.0,0.0,0.0,0.0
Aidyn9696,,401,0.0,500.0,0.0,0.0,0.0,0.0
krzysiekstasilas,makavachat,-1,0.0,45.06,4884.0,1995.0,1982.0,1979.0
ouietnon,pooria_h,1,0.0,45.07,7834.0,2132.0,2084.0,2079.0
Lara2602,tomssah11,1,0.0,45.06,24328.0,2601.0,2601.0,2521.0
Daniilb04,Queops,-1,0.0,45.0,26747.0,1825.0,1635.0,1589.0
rohit5087,Blackfish33,1,0.0,193.73,3728.0,1445.0,1441.0,1416.0
EgoRka_FlagOruB,GERAmini,-1,0.0,45.06,13776.0,2536.0,2496.0,2490.0
MicksonXelix,ssubram,-1,0.0,45.04,47513.0,1604.0,1601.0,1598.0
Niklaskowski,koko12062023,-1,0.0,45.19,5218.0,2519.0,2507.0,2494.0
daremo17,SUNS5,1,0.0,45.05,19860.0,2606.0,2561.0,2542.0
trustworthykebab,VERITASICH,-1,0.0,76.07,684.0,1010.0,905.0,894.0
Macpillo,lalbihari,1,0.0,45.31,8210.0,2488.0,2404.0,2400.0
DobriDiv,eibfr,-1,0.0,46.77,1067.0,1878.0,1778.0,1758.0
shivamjnv4,NskRonin,1,0.0,45.27,11518.0,1723.0,1700.0,1695.0
vikalpshakya,wonkaa_a,-1,0.0,45.06,4860.0,2141.0,2016.0,1988.0
eugenevc,horni700,-1,0.0,45.2,591.0,1327.0,1296.0,1242.0
Mateusz43,kumudkothari123,1,0.0,88.16,75.0,2110.0,2036.0,1919.0
fedesbikes,SergeyKG,-1,0.0,45.18,16765.0,1826.0,1810.0,1809.0
MarkFedotov13,AlexandrGuriev,1,0.0,80.62,820.0,1552.0,1552.0,1540.0
Erik-Ten-Hag,Schwachschacher,1,0.0,45.59,670.0,2640.0,2631.0,2621.0
Spider-man-Miles,JaviFu57,0,0.0,45.11,20701.0,1297.0,1185.0,1183.0
EnemyEvil,bosstrey,1,0.0,45.17,74.0,1686.0,1606.0,1506.0
danielandres0812701,Galvan_001,1,0.0,126.42,13.0,1281.0,1191.0,1023.0
pouyaaa,wigand,-1,0.0,45.03,22960.0,2573.0,2487.0,2487.0
martino_tr,pierrot13,-1,0.0,64.89,939.0,2151.0,2016.0,1966.0
KGjaba,khalioof,-1,0.0,45.14,1237.0,1890.0,1890.0,1873.0
soliyev_jahon_150120,ZhenyaSkirda,-1,0.0,45.0,25087.0,2658.0,2495.0,2491.0
mahdiar9264,,401,0.0,500.0,0.0,0.0,0.0,0.0
Dahttas,,401,0.0,500.0,0.0,0.0,0.0,0.0
Danya_Black777,bubba210,-1,0.0,60.24,205.0,1508.0,1452.0,1337.0
seamate,,401,0.0,500.0,0.0,0.0,0.0,0.0
RavshanJoniboyev,,401,0.0,500.0,0.0,0.0,0.0,0.0
Excellent_Oatmeal,matd979,-1,0.0,45.01,3465.0,1849.0,1690.0,1681.0
Jonny2734,JEAN-CHRISOPHE,1,0.0,50.94,1223.0,1321.0,1318.0,1240.0
Anne_Isabella_Raj,joeri3,-1,0.0,45.2,3313.0,2053.0,1978.0,1812.0
Anonymous_hacker1,evgenalexmihail,-1,0.0,45.19,5789.0,2584.0,2512.0,2504.0
Unicornhanhan,JandeTimmerman,0,0.0,60.79,7210.0,2115.0,2095.0,1981.0
kanayua,Hugo_Zane,-1,0.0,45.0,7056.0,2426.0,2290.0,2270.0
YoungerTal,Wiktorinator,1,0.0,54.72,708.0,1956.0,1951.0,1950.0
manas_chess_speaks,LeonardoAdrianXD,-1,0.0,52.15,311.0,1563.0,1559.0,1468.0
XadrezMais,Victor524,0,0.0,54.68,18277.0,2458.0,2416.0,2410.0
sulamusic,Kirsan1980,-1,0.0,46.18,1804.0,1799.0,1792.0,1787.0
omarwael10,gunchess52,1,0.0,45.45,20681.0,2163.0,2127.0,2118.0
Fred_M3110,RYRD,-1,0.0,45.06,3008.0,2310.0,2250.0,2163.0
deepblue2xy,seger777,1,0.0,45.02,5061.0,1909.0,1895.0,1892.0
ahnfoxgm,alecs6596,1,0.0,54.9,862.0,1395.0,1381.0,1379.0
klrmdsn,stbcc28,-1,0.0,59.98,2442.0,2273.0,2247.0,2245.0
markizio88,sale94,1,0.0,45.07,2840.0,1852.0,1825.0,1824.0
Trayko,jdumagay,1,0.0,45.1,16992.0,1865.0,1833.0,1824.0
atharvabliss,JOHANNPROELS,-1,0.0,45.12,18717.0,1896.0,1883.0,1829.0
Torfnase,Mondflug,1,0.0,242.62,16617.0,1819.0,1699.0,1642.0
adem67,RH1893,-1,0.0,45.24,4780.0,1746.0,1644.0,1518.0
Tnjztmhcs,Russell2203,1,0.0,47.37,4394.0,1913.0,1909.0,1880.0
CorleoneCorleone10,angryMax,-1,0.0,70.06,2231.0,1986.0,1875.0,1868.0
MARCELINGUI,xRupster,1,0.0,48.32,1277.0,2362.0,2026.0,1966.0
egeuzunn,E_Andrey71,1,0.0,45.16,7225.0,1814.0,1812.0,1808.0
PAXA9,Ninjamario07,1,0.0,55.12,161.0,1088.0,1044.0,999.0
R0TTEN_LUCK,Haggard,-1,0.0,57.13,6857.0,2471.0,2302.0,2242.0
ramsanthosh,Rewees3wni,-1,0.0,45.5,615.0,1666.0,1663.0,1660.0
niketh1990,Chessmasterblr,0,0.0,45.06,29789.0,1812.0,1807.0,1806.0
Rodri1234567,DanniMayte,1,0.0,46.13,466.0,1503.0,1401.0,1184.0
SABHmason,andriajinjolia,-1,0.0,84.45,130.0,1195.0,1021.0,1011.0
Nanduhere,iv1980,-1,0.0,45.1,11759.0,2111.0,2109.0,2101.0
Paris070502,Behemoth21,1,0.0,45.04,3629.0,1921.0,1893.0,1885.0
asyuta-kam2318,rozis,1,0.0,45.23,64968.0,2459.0,2447.0,2437.0
mz0,Tahaned2015,-1,0.0,45.0,27622.0,2939.0,2932.0,2832.0
Mannsi13,yummyhat,0,0.0,45.03,8964.0,2350.0,2340.0,2338.0
DEFENDER500,KingChrisVII,1,0.0,45.24,8122.0,1875.0,1824.0,1704.0
radvinroshan96,G0dly-AurX,1,0.0,48.59,1204.0,1100.0,1089.0,1084.0
EmiA01,dannuta83,0,0.0,66.96,2752.0,2448.0,2422.0,2381.0
okashnik,klknv,-1,0.0,46.28,5422.0,2011.0,1994.0,1956.0
XMedAmine,noelebuk,-1,0.0,45.03,27354.0,2179.0,2178.0,2166.0
TrCagdas,AdArdyanAd,0,0.0,56.72,6455.0,1750.0,1742.0,1722.0
at-fil-gorilcik,jobuuu,-1,0.0,45.0,4787.0,1745.0,1742.0,1740.0
negan111,surfando,1,0.0,45.0,6418.0,1957.0,1954.0,1939.0
erendeniizer,jst-ply,-1,0.0,,,,,
dreamz01,hiba000,-1,0.0,,,,,
Prince742,,401,0.0,500.0,0.0,0.0,0.0,0.0
Mohtadi-zenaidi_2005,,401,0.0,500.0,0.0,0.0,0.0,0.0
bhadaderakesh,harlo,-1,0.0,45.11,9242.0,1683.0,1682.0,1675.0
Flaviojazz,CRBrahim,-1,0.0,130.71,9038.0,1936.0,1908.0,1855.0
ILMALONE,cs43,-1,0.0,45.11,1760.0,1845.0,1817.0,1809.0
RussianMaverik,kaye86,-1,0.0,45.23,4434.0,1618.0,1582.0,1562.0
katip7,KnightsRebellion,-1,0.0,47.85,571.0,2044.0,1951.0,1909.0
Hidra777,Tasoul,-1,0.0,45.08,7756.0,2171.0,2171.0,2162.0
Stas_1991,mat1174,-1,0.0,45.04,18990.0,2279.0,2270.0,2208.0
JoseLuisponce,ORJB59,-1,0.0,59.38,763.0,2238.0,2221.0,2184.0
Xuesha_Nighdelk,the_gingerbeard_man,-1,0.0,51.71,1466.0,2423.0,2337.0,2306.0
jdbusta94,Naser-7777,1,0.0,45.02,29823.0,2402.0,2177.0,2085.0
AlexeyLeo,VitNik8,-1,0.0,45.08,19388.0,2358.0,2339.0,2307.0
nisslium,Macarraconestilo,1,0.0,45.06,3870.0,1387.0,1386.0,1368.0
SamTaxir_59,edosmera58,-1,0.0,45.0,15297.0,2132.0,2115.0,2108.0
Bella125,FORTUNETLT,1,0.0,45.03,18182.0,2411.0,2409.0,2400.0
SicilianQueen1,Anur_Kayupov-558,-1,0.0,45.06,25973.0,2313.0,2286.0,2286.0
abul_Khaer234,OrlandoH1601,1,0.0,45.34,620.0,1634.0,1586.0,1506.0
fiftyshadesofshivang,A_Breen9,1,0.0,45.07,3450.0,1476.0,1397.0,1386.0
SST_1978,heavyhansen,1,0.0,45.19,6691.0,1416.0,1399.0,1395.0
CapaMent,Kirsan1980,-1,0.0,46.18,1804.0,1799.0,1792.0,1787.0
DemoTeam_2022,RodrigoMPereira,1,0.0,45.01,9407.0,1587.0,1561.0,1559.0
up1rly,shiko2211,-1,0.0,45.13,147.0,1356.0,1194.0,1191.0
ANATOL-56,mo_ghaly12,1,0.0,45.13,274.0,2435.0,2339.0,2305.0
Pankajcss23,Sakinoza,1,0.0,45.11,4051.0,1494.0,1470.0,1464.0
Gargyl,LOUISSBRINI,-1,0.0,45.13,3870.0,1833.0,1831.0,1789.0
NAVEEN_NAAZ,Kandan11,-1,0.0,,,,,
Borja10,maroblesi,-1,0.0,,,,,
nooch0198,Quegon104,-1,0.0,45.29,1034.0,1300.0,1235.0,1232.0
Ivan_IKS,jmanette411,1,0.0,45.06,51953.0,1939.0,1929.0,1921.0
staryyknight,balutkardhruv,1,0.0,500.0,50.0,0.0,0.0,0.0
champion1972010,lasker4548,1,0.0,45.49,10600.0,2671.0,2659.0,2658.0
braxton,Andre_region27,-1,0.0,,,,,
Tamim_Ayon,dajohnny007,-1,0.0,,,,,
BananaSonic,Ufeuff,-1,0.0,45.11,7372.0,1931.0,1922.0,1919.0
Rahul1620,Daviborges8,-1,0.0,45.03,4438.0,1805.0,1790.0,1788.0
BLACK_PANTER21,Mikkel789,1,0.0,45.02,910.0,1609.0,1590.0,1579.0
AliiAyman,Hansl123,1,0.0,45.12,5784.0,2003.0,1994.0,1987.0
ABN1362,jorgerfernandez28,1,0.0,103.09,8732.0,1576.0,1455.0,1416.0
Pur4b,fight_club80,-1,0.0,49.86,316.0,1614.0,1599.0,1596.0
ArdaChess123,IvanPavlovichYu,-1,0.0,53.88,1069.0,2228.0,2166.0,2103.0
kinghulio,zrfrance,-1,0.0,45.17,219.0,1550.0,1381.0,1359.0
Nyx_fr,ARK1984,-1,0.0,45.03,12496.0,1591.0,1585.0,1567.0
Schachtiger_OH,Sureshwaran,1,0.0,169.93,6.0,1712.0,1663.0,1519.0
schachperu,Atacante83,1,0.0,45.0,1526.0,2070.0,2036.0,2033.0
TS2013,avijitmidhya,1,0.0,57.44,128.0,1177.0,1165.0,1164.0
bouddha2018,fischerxD,1,0.0,45.07,8933.0,2328.0,2188.0,2156.0
Rei_junior,gyodakyan,1,0.0,45.04,3196.0,2067.0,2014.0,2001.0
Kartikay0806,Haremhab,1,0.0,45.02,5218.0,1349.0,1334.0,1332.0
Alepuller,bepm,0,0.0,45.26,7800.0,2311.0,2244.0,2194.0
ahmexx,i_am_nooby,-1,0.0,59.88,381.0,2160.0,2141.0,2141.0
xJxSTORM,rezasalehisalmi,-1,0.0,45.07,10598.0,2112.0,2084.0,2033.0
DrProktor,ficherf,1,0.0,45.02,14866.0,1680.0,1679.0,1663.0
Dtfu,Alex_ccjc,-1,0.0,45.2,2296.0,1751.0,1571.0,1569.0
Draddla,conflagrant,0,0.0,45.08,26499.0,2406.0,2400.0,2376.0
Bjorn2468,EkaterinaShc,1,0.0,46.02,423.0,1826.0,1807.0,1788.0
afafrg,limcesar,0,0.0,45.27,10938.0,2210.0,2204.0,2191.0
oraimo47,thaomerr,1,0.0,176.09,4.0,0.0,0.0,0.0
lemichessxd,sizzlie,-1,0.0,86.62,30.0,1644.0,1641.0,1630.0
Chess5DPro,,401,0.0,500.0,0.0,0.0,0.0,0.0
Mohamad7a,,401,0.0,500.0,0.0,0.0,0.0,0.0
shiveand123a,SheershRawat,0,0.0,55.63,152.0,1587.0,1492.0,1463.0
LevRiv,MaestroPifador,-1,0.0,45.08,1848.0,1577.0,1570.0,1569.0
CB_ReyanshK,CHS-PRIYAN,-1,0.0,62.98,979.0,2468.0,2400.0,2386.0
FabioMande,Skavy,-1,0.0,45.03,11771.0,1762.0,1758.0,1722.0
arsam110,saa_dd,1,0.0,50.63,1702.0,1347.0,1308.0,1280.0
Kirjusha2016,Late-Night,1,0.0,45.08,7611.0,1349.0,1321.0,1314.0
ptouch,lord_of_horses,-1,0.0,45.08,3087.0,1933.0,1904.0,1869.0
Sergeydolgov035,Mitch2016,-1,0.0,45.15,590.0,1302.0,1286.0,1282.0
Dennis1982,CRenatoJLS,-1,0.0,45.02,24063.0,1668.0,1666.0,1662.0
andre_fischi0n,Lubitel05,-1,0.0,45.26,15762.0,2214.0,2214.0,2212.0
Nillet,Peratia,1,0.0,56.12,349.0,2205.0,2191.0,2189.0
hberk03,Andrealotti,-1,0.0,46.08,2851.0,1783.0,1641.0,1633.0
Flowx2990,KnighteeKnight,-1,0.0,73.12,18840.0,2150.0,2132.0,2095.0
Dimasindo,Grigory14,-1,0.0,45.0,22721.0,2226.0,2164.0,2088.0
Attack_Pawn,Thrythe,1,0.0,45.2,882.0,1958.0,1952.0,1935.0
kaaneks,GabanX,-1,0.0,45.26,1123.0,1672.0,1634.0,1617.0
Ajhad,Natali_kri,1,0.0,66.1,33.0,1774.0,1751.0,1724.0
IoleM,polhpool,-1,0.0,75.93,3295.0,2356.0,2203.0,2184.0
Kasparov-Maroc,Advclf,-1,0.0,45.05,32139.0,2479.0,2468.0,2461.0
BALAJIK,kapi1367,1,0.0,131.47,77.0,1697.0,1684.0,1662.0
muzovicky,Nallajtedef,-1,0.0,70.83,4445.0,1302.0,1298.0,1277.0
LillianaAlvarezme,,401,0.0,500.0,0.0,0.0,0.0,0.0
BelyakovBogdan,,401,0.0,500.0,0.0,0.0,0.0,0.0
Arseniy_Antipov,Nikita_1207-14,-1,0.0,,,,,
kenaneyvazli,Msona2013,1,0.0,,,,,
Joaslovesallah,Canadian00,1,0.0,45.01,13105.0,1799.0,1796.0,1785.0
tryharder17,BerdugoAk7,1,0.0,46.87,1896.0,2404.0,2404.0,2393.0
AlfredCharlesjunior,RuisKPG,-1,0.0,45.04,3363.0,1749.0,1581.0,1312.0
ILAVARASAN_OFFI,zurdogalvez,-1,0.0,45.01,25416.0,2594.0,2499.0,2447.0
therookienumbers,Aavelez20,1,0.0,45.54,2429.0,2246.0,2194.0,2191.0
halwapuri00,ndamutm,1,0.0,500.0,11.0,0.0,0.0,0.0
SpeedyGonzales7,StrategicMindMaster,1,0.0,45.18,1279.0,2428.0,2411.0,2400.0
munif_taz,proffesor26,0,0.0,45.27,580.0,1399.0,1382.0,1329.0
vvoix,VexdehodGAZ,-1,0.0,45.25,12893.0,2171.0,2169.0,2160.0
JermaineEzra,caballosdefuerza,-1,0.0,64.59,1266.0,1609.0,1575.0,1574.0
Diyapatil1234,R3w1nd_AUT,-1,0.0,45.2,452.0,930.0,930.0,923.0
jorge001,,401,0.0,500.0,0.0,0.0,0.0,0.0
vinitapatel,,401,0.0,500.0,0.0,0.0,0.0,0.0
Abdullah90909090,bury-21,-1,0.0,45.1,2928.0,1919.0,1867.0,1860.0
iknowchess_2010,yellow3to3,1,0.0,80.66,86.0,1860.0,1840.0,1831.0
Chess19348,papo1984,1,0.0,45.0,119417.0,2486.0,2463.0,2445.0
EasyListener,crozenblat,1,0.0,54.73,1958.0,1671.0,1530.0,1525.0
hinds97,Siddhesh9,1,0.0,45.14,7770.0,1854.0,1852.0,1852.0
Anton555555,LeRatduNetwork,1,0.0,70.31,2446.0,1830.0,1817.0,1803.0
elord41,Ray33,1,0.0,45.89,3557.0,1943.0,1926.0,1877.0
ABYHA,Abede7,-1,0.0,45.23,5378.0,1578.0,1572.0,1558.0
Emieligeter,sadimat,-1,0.0,45.13,11671.0,1793.0,1614.0,1609.0
Ji_rafik,charguerman,-1,0.0,45.03,8024.0,1404.0,1373.0,1365.0
Ostrazzo_78,waheedemam,-1,0.0,45.05,7849.0,2198.0,2106.0,2104.0
gyoergy,kozorez65,-1,0.0,51.48,6788.0,2057.0,2018.0,1951.0
birch_please,satanichousemaster,-1,0.0,49.93,2100.0,2530.0,2519.0,2495.0
hosseinganji,saidov67,1,0.0,45.06,9092.0,2160.0,2136.0,2131.0
lucky88888888,meninoazul,0,0.0,45.08,9301.0,1963.0,1939.0,1939.0
Aryanya_dav753,aks_mall08,-1,0.0,49.83,2960.0,2244.0,2169.0,2064.0
pesetasstrokes,Mzuzu1,1,0.0,45.16,1127.0,1271.0,1271.0,1270.0
putukayana,adrian_s123,-1,0.0,,,,,
kamron_12345,megamind_28,-1,0.0,,,,,
AlbertUd,KingGarage,-1,0.0,45.11,9702.0,2090.0,2039.0,2037.0
big13,moundg,-1,0.0,45.04,14124.0,1709.0,1701.0,1698.0
jocar06,niklauskus1,1,0.0,45.18,2690.0,1960.0,1948.0,1934.0
juanmanue13,angmar01,1,0.0,70.66,1411.0,1675.0,1662.0,1654.0
vikrant17,Bi-dysar,1,0.0,48.31,1992.0,2199.0,2010.0,2004.0
usmanovmadi,jangir52,-1,0.0,63.12,56.0,2180.0,2170.0,2018.0
Vinayak_kedia,thegoldennugget,1,0.0,45.13,1636.0,1456.0,1370.0,1338.0
magamba,Nasser1975,-1,0.0,45.03,10588.0,2552.0,2329.0,2326.0
martinhrvn,MohamedSobeihy,-1,0.0,45.06,3090.0,1175.0,1170.0,1165.0
matus_carlsen,salahshikho,1,0.0,46.02,3214.0,1709.0,1699.0,1698.0
Malek_Mourad,billyz,-1,0.0,45.14,12759.0,2279.0,2271.0,2257.0
BruceMathers,Ser_Mik,1,0.0,45.13,1749.0,1831.0,1827.0,1818.0
AverageTexan,DesertStormCarl,1,0.0,45.05,12372.0,2369.0,2248.0,2223.0
LuizSergio,nico3749,-1,0.0,45.21,1528.0,1758.0,1742.0,1741.0
sohitsarvan,sirac1479,-1,0.0,48.88,305.0,1803.0,1627.0,1548.0
why_am_I_so_good,Tigor81,-1,0.0,49.02,682.0,2241.0,2196.0,2191.0
Flavius007,Lion_beluy,1,0.0,45.16,12711.0,2150.0,2110.0,2109.0
panbingkun,khued200,-1,0.0,50.94,1656.0,2090.0,2086.0,2074.0
Kenncelot,Terry_Reaves,1,0.0,46.23,2884.0,1273.0,1273.0,1269.0
Benjamintheking,QMaster_BobQ,1,0.0,58.62,110.0,2190.0,2154.0,2090.0
Ujjwalmarwaha1,Ashkay60,1,0.0,45.16,582.0,1545.0,1522.0,1516.0
chahinskandar,hapouu,-1,0.0,45.01,9643.0,1985.0,1942.0,1909.0
perry_d_best,Raboudi-Yassine,1,0.0,68.67,1266.0,1260.0,1257.0,1256.0
Scared-wertyhg,Barbaz,-1,0.0,45.09,5633.0,2046.0,1919.0,1908.0
Lan_Noobie,Verzakova_tatianna,-1,0.0,45.0,4994.0,2322.0,2056.0,2011.0
Magnus_Karlsem,Dragonsord,-1,0.0,128.99,140.0,1625.0,1501.0,1481.0
mrshahbaz,Supersaiyan417,-1,0.0,60.59,215.0,1945.0,1902.0,1853.0
jorikoen,Tatjanka_chess,-1,0.0,45.04,5945.0,2661.0,2614.0,2575.0
bodrezkome,presidiaro1728,-1,0.0,54.25,952.0,2121.0,2097.0,2024.0
suleymantmdz,Jay_MJ_529,-1,0.0,45.22,1099.0,2001.0,1852.0,1846.0
si08,somnuslevis,-1,0.0,,,,,
SalahBdr,r1venmonsta,1,0.0,,,,,
gergo89,MoreBuddha2ya,1,0.0,45.09,14645.0,2425.0,2425.0,2423.0
Garrett0,ColeS5,0,0.0,75.25,33.0,763.0,701.0,613.0
Tf1Ajedrez,drcbturtle,0,0.0,45.01,1690.0,2434.0,2406.0,2400.0
Vihajaisestatulesta,Evgeny_Pristalov,1,0.0,45.02,2880.0,2802.0,2715.0,2681.0
Zacharij,Jonnywolf,-1,0.0,45.1,492.0,1620.0,1590.0,1587.0
shivanshbaranwalbth,vthakrar,1,0.0,45.19,5612.0,1807.0,1736.0,1733.0
paiall,alisssss,1,0.0,51.92,860.0,1487.0,1452.0,1441.0
RNithish,santiagoedlp,-1,0.0,63.49,7992.0,2004.0,1966.0,1961.0
regmisha,ferch8,0,0.0,45.0,16895.0,2094.0,2084.0,1978.0
Happyguy412,loungeur,-1,0.0,81.58,1215.0,1210.0,1198.0,1191.0
Morijiro,I_Javert,-1,0.0,45.06,1711.0,2381.0,2373.0,2368.0
YouLoseGoodDaySir,erdiegales,-1,0.0,45.05,4003.0,1862.0,1792.0,1773.0
Exstermin,mhd611116,-1,0.0,45.14,2092.0,1639.0,1636.0,1614.0
coffebeancat,M_D_C,1,0.0,66.99,198.0,1518.0,1438.0,1215.0
Pup_Aliaksandr,andres_cubides4,-1,0.0,50.82,2151.0,2359.0,2348.0,2328.0
vertex4,dafer123,1,0.0,45.0,21506.0,2150.0,2092.0,2079.0
supercoolbro,Platiny,-1,0.0,45.82,1968.0,2181.0,2176.0,2064.0
NicoCharp,Kozmosz,0,0.0,45.05,3097.0,1363.0,1319.0,1311.0
kikoraho,zelenizub1,1,0.0,45.06,4998.0,2366.0,2359.0,2357.0
oluwatemitope,Winnie54321,-1,0.0,45.07,39140.0,2800.0,2697.0,2652.0
KAMC10,Wetparty,-1,0.0,45.05,2628.0,2086.0,2021.0,2016.0
Dushyant_2015,DpaKoH_Russia,0,0.0,50.03,4553.0,2317.0,2299.0,2248.0
didaydidayday,nabelkamel2020,1,0.0,45.19,2608.0,2320.0,2299.0,2293.0
ildolphino,mhherranen,1,0.0,46.31,1910.0,2382.0,2343.0,2342.0
Charlie_03,Pakrovejas69,-1,0.0,45.3,7632.0,1789.0,1772.0,1753.0
MoughithKh,guerrerodelajedrez,1,0.0,45.08,35755.0,2310.0,2219.0,2208.0
Luleka0804,verixa,1,0.0,45.53,1080.0,1332.0,1323.0,1283.0
Eugene_Xo,SlackBtallion,-1,0.0,45.08,9097.0,1563.0,1556.0,1555.0
Reddragons-118,Rudra_Patel_Champ,-1,0.0,49.95,1162.0,1292.0,1252.0,1236.0
chessgirl2323,boets_4,-1,0.0,63.54,34.0,1124.0,1058.0,1011.0
Matatello,olgerlopez,1,0.0,109.85,808.0,1221.0,1208.0,1174.0
brcnalbk,magisterjk,-1,0.0,45.0,24948.0,1851.0,1849.0,1829.0
chesshooter,MrSolo,1,0.0,96.79,708.0,1505.0,1459.0,1435.0
Viola24,Justin_jk,-1,0.0,,,,,
Chessmath1923,xgirit,0,0.0,,,,,
Kinocart,maythe4orkbewithyou,1,0.0,45.04,4312.0,1844.0,1842.0,1835.0
vibhus123,Reflex_24,-1,0.0,,,,,
Winman3,hocammat,1,0.0,,,,,
Knyghtryder,pan_jawel_02,-1,0.0,89.0,1119.0,2633.0,2585.0,2566.0
Vladimir675,Chisomomwale,-1,0.0,45.36,3185.0,1776.0,1652.0,1642.0
Salimm,Nkrotzer,1,0.0,89.84,17.0,1559.0,1545.0,1472.0
Simonishvili_David,EgorMinzh,1,0.0,61.28,1112.0,1646.0,1644.0,1572.0
Rarewon,mila67,-1,0.0,45.71,7459.0,2435.0,2432.0,2404.0
kostyayatsok,M_Rahmat,-1,0.0,45.25,22023.0,1854.0,1828.0,1820.0
nkivin,timc95,1,0.0,45.0,6465.0,2334.0,2289.0,2276.0
jeanlk,Gagic,-1,0.0,45.1,3059.0,2191.0,2183.0,2170.0
Atherlos,Ecochess1982,-1,0.0,45.19,616.0,1987.0,1920.0,1842.0
cross_online,xbinamschwitzenx,-1,0.0,45.11,3138.0,2512.0,2512.0,2481.0
Golchehre,eix10,1,0.0,45.32,7551.0,1903.0,1853.0,1838.0
Lelouch12325,Sergey8516,-1,0.0,45.24,7688.0,2410.0,2403.0,2305.0
choboss,Keolot,1,0.0,45.23,3245.0,1495.0,1475.0,1472.0
KOTEHOK_Artem,Danik201115,1,0.0,207.7,10.0,0.0,0.0,0.0
Trinidadajedrez,raimundochess2014,-1,0.0,,,,,
Wojewoda,Dens1977,1,0.0,,,,,
ilovebbc02,joepske073,-1,0.0,45.3,1453.0,1660.0,1637.0,1461.0
Excaliburnixon,BigD2k,1,0.0,45.59,2232.0,1375.0,1350.0,1348.0
MrNeutron,Palines,-1,0.0,45.27,1556.0,1786.0,1783.0,1768.0
arinaboaug,Vyaceslav,-1,0.0,45.03,22991.0,2083.0,2078.0,2048.0
Delicates,Ashraf1992,-1,0.0,64.21,6839.0,1865.0,1860.0,1833.0
PorelsuELO2200,brayan-paco,1,0.0,49.95,230.0,2189.0,2020.0,1976.0
rafaildk93,veselukha31,1,0.0,51.43,1040.0,1763.0,1701.0,1681.0
mtk1905,LYD0MAN,1,0.0,50.09,325.0,1850.0,1782.0,1772.0
somyeong,TheNed23,1,0.0,45.07,1435.0,1740.0,1738.0,1737.0
JohnnyNewyork7,RobertSMK,-1,0.0,50.36,6643.0,2326.0,2323.0,2319.0
Wido_die_Eichen,Tobyy86,1,0.0,45.0,1375.0,1616.0,1603.0,1596.0
Atahannder,ibrahimbs12,1,0.0,152.74,338.0,1027.0,1004.0,997.0
dangkhoa159357,walewenjean,-1,0.0,45.01,7554.0,1726.0,1706.0,1703.0
FatherarsD,Saslan7,-1,0.0,46.53,2498.0,1949.0,1946.0,1835.0
jeninsonmar,zebrafisher,1,0.0,45.04,23902.0,2433.0,2327.0,2285.0
Krespov03,alkoni_arfa,-1,0.0,45.11,11489.0,2377.0,2353.0,2349.0
UDFA_FTSH,Plomonadador,-1,0.0,45.18,4301.0,1487.0,1353.0,1345.0
Wilfredo_parraga,makibao,1,0.0,45.76,5442.0,2468.0,2339.0,2327.0
AliLah,kholio7,1,0.0,45.44,10076.0,1614.0,1589.0,1579.0
JeffveGoneWild,Insert-A-Nickname,-1,0.0,45.01,15623.0,1825.0,1818.0,1811.0
LeSindi,Dutrombone,1,0.0,45.07,8227.0,1860.0,1854.0,1852.0
Bobby_Knuckles,back_2023,1,0.0,82.94,16871.0,2597.0,2586.0,2558.0
Agrli,EQC,1,0.0,45.03,8841.0,1999.0,1935.0,1916.0
iceRNGR,DorianR,-1,0.0,45.0,5001.0,1860.0,1850.0,1847.0
dr_attack_6385,luffi_king,-1,0.0,45.15,560.0,2338.0,2319.0,2317.0
MathiasMaurer,Thew0312,-1,0.0,57.32,219.0,1228.0,965.0,935.0
igoruiterwijk,Stan43,-1,0.0,45.09,9495.0,1867.0,1866.0,1865.0
Alpha_Stefy7,Christeckh,-1,0.0,45.04,2521.0,1811.0,1380.0,1301.0
arihantsingh17,ManalAlashwal,1,0.0,45.11,2028.0,2027.0,1896.0,1880.0
Romanmuhtedinov1105,ivmaly,1,0.0,46.03,160.0,1911.0,1901.0,1892.0
DrhussamNoob990,maxinista,-1,0.0,231.49,2.0,0.0,0.0,0.0
zecriquet,philippe1971,-1,0.0,45.3,15381.0,2178.0,2163.0,2138.0
Shaurya_17march,Sharad2013,1,0.0,75.26,778.0,1962.0,1929.0,1872.0
Reda444,LightForest,-1,0.0,45.82,3801.0,2025.0,1981.0,1953.0
fahr_i,SantoBlue1,-1,0.0,50.18,9503.0,2368.0,2306.0,2273.0
Chesswormi,T-bo,-1,0.0,45.14,32466.0,2034.0,1962.0,1948.0
mahdiyarkhorami89,GeorgiyGaga,1,0.0,48.54,496.0,2224.0,2202.0,1729.0
PazDima,HHF64,-1,0.0,45.01,16163.0,1505.0,1431.0,1414.0
Nerevar4ik,samuel877,-1,0.0,54.49,607.0,2015.0,1817.0,1789.0
pavelT777,jinkyjim,-1,0.0,45.03,29753.0,1848.0,1821.0,1814.0
SUJITcham,Gremium,1,0.0,45.07,193.0,1244.0,1218.0,1206.0
DeanCervantes_4PRO,Indro88,-1,0.0,45.16,1962.0,1101.0,1084.0,1080.0
Sosimiloo,gabriel_benicio,-1,0.0,45.0,3997.0,1614.0,1609.0,1598.0
MelexinaValeria2014,Neira1983,-1,0.0,52.98,1526.0,1391.0,1122.0,1076.0
eren3543,daclause,-1,0.0,45.1,2284.0,1247.0,1242.0,1236.0
rainyday2023,ossymatex,-1,0.0,45.18,4732.0,1926.0,1889.0,1868.0
nlavrukhin,eggmaster123,1,0.0,45.35,2129.0,1977.0,1959.0,1950.0
gimiha,charliehorse55,1,0.0,45.19,14679.0,2164.0,2133.0,2128.0
fodklaus,iomlv4,1,0.0,45.33,2420.0,1879.0,1640.0,1590.0
vkp88,moreu,-1,0.0,49.04,4347.0,1516.0,1442.0,1432.0
Zainmohamedfarouck,plamkata2506,-1,0.0,45.13,13863.0,2307.0,2261.0,2253.0
mzm21,seppohovi420,1,0.0,45.04,6474.0,1684.0,1649.0,1643.0
one22,schmittla94,1,0.0,45.38,2710.0,1388.0,1355.0,1353.0
Grinch123-94,driver62,-1,0.0,45.02,59990.0,1865.0,1799.0,1786.0
li_6733,jzaib720,-1,0.0,45.15,10061.0,1817.0,1790.0,1784.0
NURSTAR2007,orndanil,-1,0.0,59.63,105.0,2118.0,1844.0,1833.0
jiantnoob,billodi,-1,0.0,74.81,310.0,1966.0,1957.0,1882.0
Fredgustis,Walid_SANAA,1,0.0,46.21,3910.0,2572.0,2408.0,2396.0
Robot_CHF,Boetik_mc,-1,0.0,46.57,5649.0,2343.0,2303.0,2285.0
wrc,Magico_romantico,-1,0.0,45.23,9279.0,2618.0,2433.0,2410.0
KE0742098410,D4chess2022,-1,0.0,45.56,2284.0,1632.0,1627.0,1614.0
he_who_conquers,Jlaratorralbo,-1,0.0,117.94,18472.0,2131.0,2031.0,2031.0
Ethelzino,,401,0.0,500.0,0.0,0.0,0.0,0.0
aris77,,401,0.0,500.0,0.0,0.0,0.0,0.0
Thejeshwar24,,401,0.0,500.0,0.0,0.0,0.0,0.0
Xilften1,,401,0.0,500.0,0.0,0.0,0.0,0.0
anthony76504921,dfdfdfd888,-1,0.0,45.1,1557.0,1155.0,1154.0,1151.0
viethammbariyer,malek836,-1,0.0,45.0,7532.0,2288.0,2286.0,2274.0
hamza190578,gamyon,1,0.0,46.38,1162.0,1390.0,1376.0,1373.0
ridvan91,aleksig,-1,0.0,49.95,24103.0,2317.0,2309.0,2281.0
roryoc10,ehrenberger,-1,0.0,45.05,2526.0,1115.0,1111.0,1097.0
GeraldusCumbrencis,knighty_mighty,-1,0.0,57.25,345.0,2107.0,2030.0,1996.0
Samuel_2014,ayc45,0,0.0,49.2,4408.0,2307.0,2278.0,2213.0
SmiteSnipez,,401,0.0,500.0,0.0,0.0,0.0,0.0
davidderifield,,401,0.0,500.0,0.0,0.0,0.0,0.0
ajinderpalsingh,Krissense,-1,0.0,45.0,9320.0,2162.0,2063.0,2046.0
Amazing1017,Stvit_Set,1,0.0,45.15,138.0,1190.0,1151.0,944.0
Derek_Evans27,tuviagrin,1,0.0,,,,,
OOKOWUOR,farraso2019,-1,0.0,,,,,
therizzlerrr,NickySticky,-1,0.0,45.71,3735.0,2552.0,2424.0,2406.0
StpCable,kapp4,1,0.0,45.68,616.0,1908.0,1879.0,1878.0
Andrii_Paluiha,sackjeseech,1,0.0,45.11,13486.0,2202.0,1948.0,1931.0
Andrey55555,MasVegas,-1,0.0,45.29,4161.0,2302.0,2272.0,2257.0
Zxcgab17,Otto_Hall,1,0.0,45.14,7013.0,1469.0,1463.0,1457.0
golubev-mk,Murad_J_H,1,0.0,45.06,3664.0,1558.0,1540.0,1457.0
vegardhaneberg,HHOOOO,-1,0.0,47.43,5793.0,2206.0,2198.0,2196.0
DrEagleeye,vaderkvarn,-1,0.0,45.18,45354.0,2377.0,2373.0,2367.0
SimonBucci,Samuelufstrike,-1,0.0,45.0,17279.0,2400.0,2274.0,2271.0
dani_sangab,fredomixer,-1,0.0,45.15,1582.0,1191.0,1186.0,1168.0
Qumara,rdsbrz,1,0.0,45.02,220.0,1817.0,1742.0,1719.0
eRaPazh,AlexeyPanichev,1,0.0,71.87,908.0,1532.0,1356.0,1317.0
IBM_RamyKamar,Heshammohmmed153,1,0.0,45.01,727.0,1526.0,1516.0,1511.0
Sharvesh_Vijay,supershark76,-1,0.0,47.51,4608.0,2410.0,2232.0,2179.0
vikundel,Schelkx,-1,0.0,45.05,11247.0,2228.0,2177.0,2173.0
eldesvendadordeGMS,capperuccio,-1,0.0,45.15,73683.0,2625.0,2625.0,2599.0
Happychessbloom,jobil6ust,-1,0.0,52.67,1006.0,1180.0,1178.0,1161.0
RjforeverChessgoat,Alex_Muss,-1,0.0,45.44,1119.0,1368.0,1326.0,1318.0
Mr_RUINA,Bougo,-1,0.0,46.91,1979.0,2402.0,2390.0,2380.0
Asimoa,Finoprem,-1,0.0,45.18,8945.0,2424.0,2416.0,2391.0
rhizomefriend,AlfieH,-1,0.0,45.05,3727.0,1658.0,1651.0,1632.0
ianroypinlac2,KunDenSangma,-1,0.0,45.09,2639.0,2136.0,2018.0,1983.0
prathameshnale007,Hex1000,-1,0.0,47.95,7794.0,2703.0,2692.0,2652.0
hari3073,patrix-reloaded,1,0.0,49.26,503.0,1449.0,1432.0,1428.0
daniyandy,MomenM,-1,0.0,45.9,1570.0,1869.0,1740.0,1720.0
Depressed01,morteza0521,1,0.0,45.76,9668.0,2489.0,2475.0,2466.0
mhvh9vds89y,rishabh-yadav,-1,0.0,48.38,730.0,1118.0,1114.0,1111.0
baqar_17,mehmetbozkurt8,1,0.0,50.58,621.0,1174.0,1147.0,1145.0
just-chess21,Youleloveit2,-1,0.0,45.0,69434.0,2255.0,2237.0,2218.0
Vand1esel,carelesspawn,-1,0.0,91.91,1617.0,1832.0,1792.0,1789.0
tatomunoz,HECTORAQUINO,1,0.0,45.6,5213.0,1354.0,1350.0,1348.0
Dany_Kots,vaazik,-1,0.0,45.03,1810.0,1290.0,1289.0,1269.0
Semyon538,,401,0.0,500.0,0.0,0.0,0.0,0.0
mariosanchezzz,,401,0.0,500.0,0.0,0.0,0.0,0.0
vinvin69,daneliaxvicha,-1,0.0,45.2,754.0,1741.0,1675.0,1664.0
sonymanif22,dedbaba13,-1,0.0,45.06,7918.0,1498.0,1466.0,1458.0
piraha,Abylkasymov,1,0.0,45.39,8371.0,2754.0,2712.0,2702.0
ssssss1233345,Danielfperezp,-1,0.0,45.36,121.0,1509.0,1507.0,1505.0
sargamo,fredofredo,-1,0.0,45.05,21337.0,2064.0,2056.0,2050.0
Coneill1774,uca1959,-1,0.0,45.05,1715.0,2431.0,2399.0,2396.0
khatwa1,Semujju,-1,0.0,45.41,669.0,1657.0,1640.0,1633.0
Efsunkar00,chess-master08,-1,0.0,45.04,3602.0,2756.0,2559.0,2552.0
nemphan,yellowhan,1,0.0,46.92,421.0,1645.0,1469.0,1401.0
lamppu5,wangyichen9339,1,0.0,45.47,591.0,1810.0,1758.0,1642.0
Ziya-TR,DabDabych,1,0.0,45.09,6520.0,1858.0,1857.0,1857.0
FniktorSchach,SPUTNIK02,-1,0.0,45.52,4368.0,1872.0,1786.0,1776.0
JimPap602,Sergeev_vitaliy23,1,0.0,45.14,11342.0,2494.0,2408.0,2404.0
walidox_1,evosud,1,0.0,45.09,2371.0,2242.0,2219.0,2209.0
champion3331,roberto1george,1,0.0,45.04,58708.0,2253.0,2211.0,2177.0
Viditgujrathis1,nick102422,-1,0.0,45.67,2256.0,1502.0,1488.0,1483.0
moukkamainen,TipoKonditer,-1,0.0,53.28,1074.0,1548.0,1538.0,1415.0
vladimir13031956,Leopard99,-1,0.0,45.08,7078.0,1553.0,1460.0,1450.0
alexey064,jt3010jt,-1,0.0,45.71,1129.0,1142.0,1140.0,1131.0
Ilnar-2013,Landyshka,-1,0.0,45.35,13032.0,2339.0,2298.0,2298.0
Isaac375,MalcPawnpusher,-1,0.0,45.02,13298.0,1719.0,1708.0,1672.0
tankthinks,Friedrichzwa,1,0.0,45.1,1163.0,1748.0,1747.0,1743.0
A-Glorious-Purpose77,RoNaLd0001,0,0.0,45.02,27264.0,1883.0,1823.0,1654.0
webcache,Chizzy2019,1,0.0,45.08,10490.0,2214.0,2160.0,2156.0
Ssarwar,samuelnk,1,0.0,45.14,2892.0,2097.0,2094.0,2094.0
rldls25,sergior2021yn,-1,0.0,45.0,1360.0,2476.0,2253.0,2246.0
Aravshiv,bossCatur,1,0.0,46.88,1000.0,2323.0,2208.0,2152.0
oscaray,Pavlogradez96,-1,0.0,45.17,10500.0,2137.0,2136.0,2069.0
jasonhokuo,ilko54,0,0.0,45.05,61229.0,2593.0,2541.0,2507.0
batoolnajjar,YG66,-1,0.0,45.14,662.0,1368.0,1344.0,1341.0
Nackenpeitsche,Gaber_Gad,1,0.0,45.07,3981.0,2257.0,2186.0,2148.0
gacman,Saroyan_Vardan,1,0.0,45.32,474.0,1845.0,1789.0,1770.0
alizare12888,shtz45,1,0.0,45.08,21615.0,1582.0,1568.0,1554.0
l3atu,IY-1106,0,0.0,51.72,542.0,1329.0,1309.0,1305.0
mbcenp,Yagermeyster,-1,0.0,45.4,3713.0,1544.0,1412.0,1401.0
CharlesCoquilla,Mango510,-1,0.0,46.68,139.0,1042.0,861.0,850.0
Lino52,Perrytaylor,-1,0.0,45.11,4819.0,1231.0,1230.0,1224.0
DDiamond1,anonymous64,1,0.0,45.06,8338.0,2167.0,2151.0,2150.0
Temo_Kurze,vvv67,-1,0.0,45.09,12404.0,1589.0,1543.0,1535.0
kartrait,MAKE67,0,0.0,45.15,3055.0,2111.0,2084.0,2075.0
armanserrii,LorenzoD24,-1,0.0,151.56,1060.0,1001.0,998.0,993.0
Xcalibor1370,Yeti810,-1,0.0,45.0,6175.0,1994.0,1974.0,1973.0
ABHIJITHPRABHAKAR,Ahoon1,1,0.0,69.64,53.0,1354.0,1334.0,1287.0
PavelSH08,sean_ch,1,0.0,46.15,174.0,1266.0,1257.0,1241.0
JordanCarlzen,barca2021,-1,0.0,45.41,2289.0,2411.0,2348.0,2322.0
munirh,FNORD69,-1,0.0,119.75,40.0,1327.0,1325.0,1286.0
Uni4,juanzs25,1,0.0,48.34,8167.0,2671.0,2641.0,2618.0
chubizard14,racielmi83,1,0.0,45.02,14174.0,2602.0,2492.0,2483.0
vengeancewarrior_01,waterphone,1,0.0,45.01,35882.0,2226.0,2212.0,2187.0
mehrdadsofi,ABHISHEKDESHMUKH74,1,0.0,45.33,2316.0,1910.0,1902.0,1896.0
retrojet,sbudiono10new,1,0.0,45.45,1991.0,1693.0,1330.0,1303.0
MrQuax,Shahnaza,-1,0.0,45.17,437.0,1535.0,1507.0,1502.0
HW85296,Aurelien0025,-1,0.0,45.19,654.0,1391.0,1386.0,1377.0
Antichesskiller,Emir4234,0,0.0,60.62,2558.0,2001.0,1997.0,1987.0
herr_furb,IgorZub65,-1,0.0,45.14,12919.0,1911.0,1902.0,1901.0
drhuda,Kirill_Don_on_Rostov,1,0.0,45.05,455.0,1243.0,1216.0,1205.0
IzyaKatsman,PeterMG,-1,0.0,45.16,12084.0,2445.0,2421.0,2382.0
ej_1000,PegasusWing117,-1,0.0,45.43,635.0,1197.0,1195.0,1179.0
AlbTaMar,cavansit,1,0.0,45.0,11882.0,2235.0,2235.0,2234.0
Bigbur,andr92,-1,0.0,45.09,1815.0,1162.0,1139.0,1132.0
Pak_Dirman_Ondonk,TataOgryzka,-1,0.0,49.12,499.0,1820.0,1795.0,1788.0
Satyajit99,NourMD,1,0.0,45.12,731.0,2023.0,1867.0,1840.0
TheRookMaster7,noelpunn,-1,0.0,70.25,111.0,2163.0,2001.0,1993.0
JuppJuppGo,girlsmodelschool,1,0.0,48.57,3379.0,1673.0,1663.0,1650.0
omid34100,mohamad3410,1,0.0,68.37,142.0,1772.0,1675.0,1630.0
Kuba1Zubko,dennysaquino,-1,0.0,45.0,3282.0,1224.0,1202.0,1194.0
davidJPK,Achan_Smora,-1,0.0,45.2,7397.0,1622.0,1569.0,1567.0
LouisScordia,sansrini18,-1,0.0,45.05,5244.0,1596.0,1590.0,1585.0
WaitzJack,Phomopsis,-1,0.0,45.06,28707.0,1937.0,1883.0,1871.0
Amirhan-1985,Mamadmetal36,-1,0.0,216.39,826.0,1789.0,1688.0,1677.0
mete64,Keyvanfeyzi,1,0.0,45.22,14963.0,2069.0,2068.0,2066.0
LargeChessBig1,Baralex2021,1,0.0,45.05,26832.0,1858.0,1807.0,1779.0
NikolaDubovik,Sasa120130,-1,0.0,54.99,2728.0,2402.0,2394.0,2361.0
TuanBach2k2,apsampaio,1,0.0,91.47,5014.0,1627.0,1570.0,1567.0
Seth_Harmon,royalmed,1,0.0,47.4,8381.0,2291.0,2259.0,2229.0
literaturafantasma,nowait,1,0.0,45.0,22880.0,2268.0,2251.0,2217.0
kertoskopos2,Sl1mp01,-1,0.0,45.28,308.0,1702.0,1628.0,1622.0
Harshal4511,mxsmile2,-1,0.0,45.7,7259.0,1914.0,1830.0,1786.0
Hearth3,matan1111,1,0.0,221.8,7957.0,2381.0,2343.0,2295.0
mishanya0211,BulatMusin,-1,0.0,45.14,14447.0,2481.0,2458.0,2441.0
DDrogba9,Arash_kingg,1,0.0,53.43,3502.0,2502.0,2495.0,2481.0
majidZzz,janesk,1,0.0,,,,,
mateineagu,Deei,0,0.0,,,,,
Sunatullo,aymenhamdaoui,-1,0.0,53.17,4941.0,1932.0,1897.0,1875.0
molodoykaluga,riellea,1,0.0,45.02,207.0,1237.0,1233.0,1226.0
Ani12,UncleClode,-1,0.0,49.62,5276.0,1526.0,1469.0,1469.0
NSoumia,KtownBeats,1,0.0,191.63,3.0,0.0,0.0,0.0
saifal,whomst_gambit,0,0.0,47.77,1631.0,1537.0,1520.0,1511.0
VenyaP,,401,0.0,500.0,0.0,0.0,0.0,0.0
niharika_kulshrestha,,401,0.0,500.0,0.0,0.0,0.0,0.0
Jesuswithsunglasses,puhkin,-1,0.0,45.08,2575.0,1770.0,1761.0,1751.0
yted,stifler23,0,0.0,45.06,451.0,1919.0,1880.0,1858.0
AZE_MaFo,zahran_tall,1,0.0,45.32,2306.0,2203.0,2202.0,2196.0
ShanthamGrarks,Childish-Eme,-1,0.0,45.28,14511.0,2591.0,2588.0,2581.0
jajahbtr,DarthRevanFromCorusc,-1,0.0,195.85,395.0,2033.0,1922.0,1897.0
MakhmudovRuslan,karde60,-1,0.0,46.25,5932.0,2613.0,2493.0,2452.0
meru9em,Yogesh600,-1,0.0,45.14,4957.0,1491.0,1476.0,1474.0
delicex81,mixail31975,1,0.0,45.51,1923.0,2231.0,2162.0,2146.0
Atom1324,Hustleer,-1,0.0,45.41,184.0,1275.0,1250.0,1229.0
Artemka19,VladislavArtemiev1,-1,0.0,45.0,2817.0,2418.0,2386.0,2378.0
eru728,Kry789,-1,0.0,46.08,7886.0,2237.0,2186.0,2141.0
Abs53,VA1975,-1,0.0,45.05,16943.0,2033.0,1917.0,1875.0
abhiruch,JeromyV,-1,0.0,45.05,61211.0,2430.0,2410.0,2402.0
A1bus_P0tter,Evichitho,1,0.0,45.24,1342.0,1958.0,1932.0,1926.0
Artemo4ka2014,SidewaysKnight,-1,0.0,45.04,53921.0,2287.0,2140.0,2008.0
lexxandro,zefazry,-1,0.0,45.37,5048.0,1712.0,1706.0,1698.0
Piotr46,Lapindiz,1,0.0,45.05,7826.0,1543.0,1540.0,1533.0
Mikesssss,samarthsomani,-1,0.0,45.99,2535.0,2407.0,2309.0,2292.0
gersht,JunkieXXL,-1,0.0,45.03,6307.0,1854.0,1840.0,1839.0
fifsandnics,dalboris,1,0.0,45.09,11004.0,1837.0,1832.0,1829.0
purvaj310512,chesssrkn,-1,0.0,45.19,858.0,1439.0,1392.0,1391.0
ezrasia,Hit_143,1,0.0,49.04,887.0,1452.0,1397.0,1394.0
hobetto22,Grisu1971,1,0.0,174.85,1724.0,2079.0,2006.0,1999.0
Juancarlosp64,oz-chess,-1,0.0,45.17,2497.0,1955.0,1933.0,1929.0
galacticomalacio7596,Mix56_38,1,0.0,221.36,10.0,0.0,0.0,0.0
MNadzimZ,,401,0.0,500.0,0.0,0.0,0.0,0.0
barhos,,401,0.0,500.0,0.0,0.0,0.0,0.0
east_w1nd,ruis123,0,0.0,45.04,18624.0,2644.0,2633.0,2624.0
fingoldo,chrss216,-1,0.0,49.57,173.0,2092.0,2069.0,2010.0
dx_l,khaliditsky,1,0.0,52.44,468.0,2153.0,2094.0,1928.0
Trillaco,leonhard1301,-1,0.0,45.06,17529.0,2556.0,2547.0,2415.0
jlcanale,Mischuk_D,-1,0.0,45.87,24133.0,2980.0,2973.0,2970.0
Borhu0309,centdsutsou42,-1,0.0,45.07,12960.0,2308.0,2263.0,2263.0
pradyumna123,RM1540,1,0.0,55.89,56.0,1368.0,1352.0,1310.0
madbot22,kaspwner,1,0.0,45.07,643.0,1317.0,1277.0,1246.0
DaweedHo,Anatoli_Gallov,-1,0.0,45.19,2308.0,1688.0,1685.0,1681.0
Zedatiana,Mirco1958,1,0.0,45.14,2109.0,1600.0,1576.0,1576.0
AHGEL,GabrielGoto,-1,0.0,45.11,8721.0,2276.0,2260.0,2258.0
jmgm,hromserg,-1,0.0,45.71,2512.0,2058.0,2031.0,2003.0
himmet20,AliSimsek,1,0.0,45.09,29177.0,2267.0,2236.0,2234.0
Leond27,cristophera21,0,0.0,45.03,487.0,1604.0,1497.0,1325.0
arne_eta,thewatariii,1,0.0,45.0,329.0,1044.0,1040.0,1023.0
ARMAGEDDONISHE,nasticus,-1,0.0,45.05,21106.0,2442.0,2425.0,2413.0
MehrshadZIP,peterboy,1,0.0,45.14,6610.0,1836.0,1806.0,1783.0
vihaanbagga,WWIIISoldier,-1,0.0,46.18,11617.0,1751.0,1747.0,1745.0
liebeimspektrum,wrookster,-1,0.0,45.0,637.0,1966.0,1772.0,1764.0
stutitiwari,PrashantPandey1234,-1,0.0,56.19,191.0,1904.0,1859.0,1656.0
Hackschack,Mustafa-Gokpinar,1,0.0,45.31,1227.0,1210.0,1146.0,1145.0
nibbix,Aragorn1001,1,0.0,45.05,9714.0,2579.0,2506.0,2506.0
achezz,Jettybitty,1,0.0,45.15,4527.0,2016.0,1945.0,1891.0
arican_cinar,mm335,-1,0.0,45.15,14018.0,2237.0,2185.0,2148.0
WillisTheWarrior,nonongrael,1,0.0,47.45,26023.0,2502.0,2498.0,2487.0
flowerofheavenmct,divachess,-1,0.0,45.1,14174.0,1526.0,1509.0,1462.0
coumbole,Supermatechessjc,1,0.0,45.08,10623.0,1770.0,1714.0,1708.0
Karpuhin-Nikita,Gena2010,-1,0.0,45.27,1026.0,2754.0,2745.0,2739.0
al_fawaris,edmondaj,-1,0.0,53.79,257.0,1548.0,1471.0,1374.0
WSananaSW,DJEKA_ZLO,-1,0.0,45.05,269.0,1050.0,1049.0,1033.0
Abrahamprocel,MUNOR60,-1,0.0,60.25,2579.0,1653.0,1630.0,1627.0
graanfer,WizKnight,1,0.0,45.13,5382.0,1901.0,1839.0,1604.0
sauravvyas44,Maximum925,1,0.0,45.56,2335.0,1860.0,1848.0,1845.0
Lesteramschess28,BlueKnight22,-1,0.0,45.05,12534.0,1885.0,1882.0,1878.0
satanicuprising,IntegerX,-1,0.0,,,,,
merblkn,gambit0402,1,0.0,,,,,
albertasis,Bazavov,-1,0.0,45.06,30771.0,1762.0,1737.0,1718.0
RomaStudent,XADREZ57,-1,0.0,45.02,5956.0,2472.0,2349.0,2304.0
Ar3a,NutBoltu,-1,0.0,160.17,587.0,2103.0,2024.0,2023.0
SchachJoghurt,chess98c,1,0.0,57.53,2398.0,2243.0,2173.0,2155.0
Excalimaz,etherbleeder,1,0.0,85.55,40.0,1094.0,1084.0,1066.0
pfticas,Ry1975,1,0.0,45.13,10318.0,2344.0,2234.0,2221.0
SpartiateDesSteppes,oticMJ,1,0.0,45.0,79842.0,2722.0,2674.0,2645.0
alanjoshy163,s_m_sajjadi,-1,0.0,45.83,5137.0,1727.0,1718.0,1716.0
capov1973,Igor_Gavrilin,1,0.0,45.18,22900.0,2711.0,2689.0,2593.0
Ankitakshu,chessavenger31,1,0.0,81.45,176.0,1669.0,1366.0,1353.0
amiralikhan,mahdinajafi1956,1,0.0,90.54,1566.0,2149.0,2124.0,2114.0
RRR20,lastdancetonight,-1,0.0,50.67,516.0,2252.0,2220.0,2192.0
atcosennu,ignaciuk,1,0.0,45.56,1885.0,1368.0,1360.0,1339.0
palip,mamountahri,-1,0.0,47.45,1617.0,1393.0,1364.0,1362.0
Tigran281190,sosochauchidze,-1,0.0,45.37,24013.0,2546.0,2466.0,2451.0
Aadit2023,antoniovaldez,0,0.0,173.97,1086.0,905.0,804.0,798.0
Kirgiit,perder_es_ganar,-1,0.0,46.77,11727.0,2591.0,2522.0,2508.0
P_DR_0,jasso007,-1,0.0,45.2,1183.0,1830.0,1653.0,1651.0
andresramiriqui,noquierojugarajedrez,-1,0.0,48.48,1514.0,1689.0,1645.0,1631.0
Sarveshdev01,datiljlj,1,0.0,45.05,5085.0,1945.0,1928.0,1913.0
piyushmodi25,fima912,-1,0.0,45.14,1587.0,1575.0,1479.0,1436.0
Hast123,Pikapi018,1,0.0,70.39,83.0,1812.0,1660.0,1640.0
Nikamma,ToledoGabrielA,-1,0.0,61.67,644.0,2141.0,2104.0,2100.0
Juhispetteri,,401,0.0,500.0,0.0,0.0,0.0,0.0
pineapple999,,401,0.0,500.0,0.0,0.0,0.0,0.0
soheilsoltani91,Kifonam,-1,0.0,45.33,11566.0,1147.0,1146.0,1145.0
Armyn_14,King_Jesus,-1,0.0,45.02,36236.0,2514.0,2396.0,2381.0
Funebrero73,Jfriendship,1,0.0,45.57,6362.0,1950.0,1948.0,1944.0
IgorAndreich,Gordeev_Anton,-1,0.0,46.16,4590.0,2063.0,2043.0,2040.0
TanTheMan7205,mgarcia79515,-1,0.0,47.15,1045.0,1027.0,867.0,866.0
Cyber_Panda,kingkroool,1,0.0,45.19,2773.0,2108.0,2050.0,2044.0
RBCrazy,,401,0.0,500.0,0.0,0.0,0.0,0.0
Hassanadelll,,401,0.0,500.0,0.0,0.0,0.0,0.0
ajedrezcosi,Igor9999999,-1,0.0,45.56,5734.0,2910.0,2879.0,2845.0
Bobby_Fischer077,Jhonny_Jhon,-1,0.0,79.88,86.0,1390.0,1353.0,1353.0
Mattiyear2021,Sunny137809,-1,0.0,63.67,356.0,1144.0,1072.0,1044.0
william00053,scorpi_06,-1,0.0,45.06,3819.0,1910.0,1894.0,1888.0
blunder-sam,abcalfa,-1,0.0,45.01,29832.0,1960.0,1956.0,1950.0
zzodamo,luisalvarogomez,1,0.0,45.09,6866.0,1325.0,1203.0,1201.0
Cyphus-Daemos,Calivend,-1,0.0,45.04,3897.0,1744.0,1693.0,1675.0
rookvsqueen123,dark_thinker_390,-1,0.0,50.52,79.0,1493.0,1450.0,1415.0
Amphibica,okeefephil,1,0.0,45.02,6508.0,2245.0,2144.0,2142.0
TorsHors,PrydunAndrii2004,1,0.0,50.44,4056.0,2725.0,2699.0,2698.0
NewCheckmate,hussain9Talib,-1,0.0,45.37,7970.0,2365.0,2349.0,2320.0
Gnosssienne,adul_l,-1,0.0,45.0,4653.0,2313.0,2293.0,2234.0
MtroAdan,ANISH0000,1,0.0,45.08,21509.0,1912.0,1900.0,1899.0
newphillyman2003,Eduardolis2,-1,0.0,45.19,37303.0,2498.0,2488.0,2478.0
DNA-h,Pr0sper_1990,1,0.0,75.06,469.0,2187.0,2099.0,2003.0
Might-Duy,GuntherJemtzow,1,0.0,45.07,11569.0,2216.0,2063.0,2028.0
orodrig,Jyaniz,-1,0.0,45.0,1497.0,2141.0,2047.0,2017.0
GmmGNodirbek,kalavera017,-1,0.0,45.18,5993.0,1944.0,1926.0,1904.0
Pilot872,Alex_krd2012,-1,0.0,63.73,806.0,2164.0,2064.0,2002.0
Menstruathor,Farsadan,-1,0.0,48.34,795.0,1730.0,1716.0,1683.0
Kausoma5486,sandrinebruno,1,0.0,96.88,25.0,1761.0,1607.0,1453.0
P_h_e_n_i_x,BVA63,-1,0.0,45.18,5104.0,1915.0,1874.0,1806.0
AlexGo1l,fhfjhf,-1,0.0,46.76,276.0,1780.0,1727.0,1710.0
artur204,kaleshnikov,-1,0.0,45.12,1942.0,1633.0,1599.0,1570.0
yousefshamel,wiolozaur,-1,0.0,45.1,3304.0,1192.0,1177.0,1161.0
Thomas150,GregorUTN,1,0.0,53.55,2680.0,2214.0,2066.0,2064.0
Tyler19961022,Lars2009,1,0.0,45.03,3068.0,1935.0,1637.0,1605.0
Diemer85,Lev0708,-1,0.0,71.62,727.0,2521.0,2153.0,2003.0
Revengetime35,,401,0.0,500.0,0.0,0.0,0.0,0.0
ARAGORN1020,,401,0.0,500.0,0.0,0.0,0.0,0.0
frkn35,Pops_jp,-1,0.0,46.96,739.0,1906.0,1881.0,1794.0
shubhbul,xXBestEverXx,-1,0.0,47.32,2255.0,2091.0,1854.0,1666.0
minimouf,Sandiman8,-1,0.0,103.47,163.0,2032.0,1503.0,1502.0
GlamorousCar,Eeffiimmkkaa48,-1,0.0,57.8,2199.0,1685.0,1639.0,1629.0
NimzoAtttack,h333x,1,0.0,,,,,
thoch,pyhtin,1,0.0,,,,,
fisher733,tarjaaa07,-1,0.0,45.13,309.0,2134.0,2120.0,2107.0
Benno2403,DJFranky,1,0.0,46.43,3483.0,1449.0,1444.0,1425.0
momdsamu,Tero978,-1,0.0,45.22,1714.0,1757.0,1754.0,1747.0
JonnyMcMuff,AndrewOfori,-1,0.0,45.02,758.0,1412.0,1334.0,1310.0
PorterDennis,Dan511,-1,0.0,57.25,328.0,2238.0,2174.0,2124.0
MiguelGTGT,istra-rovinj64,-1,0.0,45.3,4845.0,2464.0,2462.0,2460.0
DanyaShar,VeseovChess,-1,0.0,45.18,1042.0,2106.0,1971.0,1947.0
Garripluha1970,Dabeastnva,-1,0.0,45.0,8475.0,1566.0,1558.0,1546.0
Ritam2012,Jhavarun,-1,0.0,45.04,7249.0,2102.0,1795.0,1742.0
benies7,AdvaitHarchekarVCL3a,-1,0.0,233.06,180.0,0.0,0.0,0.0
jandinho123,rds1979,-1,0.0,45.1,4861.0,1399.0,1396.0,1390.0
AaronCBurke,rainroller,1,0.0,45.11,852.0,1517.0,1515.0,1495.0
Dpmendes,damir_valiullin,1,0.0,45.17,537.0,1063.0,988.0,981.0
Harsiv_adithya,Spr1tz,1,0.0,45.02,1212.0,1267.0,1266.0,1226.0
Chess_Camel,MisterQ60,-1,0.0,45.16,1894.0,2689.0,2656.0,2656.0
Sioulsemaj4891,sasfeszek1978,-1,0.0,45.63,12539.0,2224.0,2194.0,2194.0
mcitran,KnightAssassin1215,-1,0.0,45.2,17498.0,2202.0,2121.0,2019.0
Cara10,bdchmie,-1,0.0,45.07,2846.0,1734.0,1719.0,1714.0
ccfrubi12,Lazonegad,-1,0.0,45.05,15211.0,2174.0,2164.0,2078.0
tkksap,NOW_9_DESAI_ASHAY,1,0.0,45.47,8279.0,1368.0,1356.0,1356.0
moromi1381,soap_617,1,0.0,151.98,8944.0,1960.0,1850.0,1848.0
pepevive,Forreva,-1,0.0,45.09,6722.0,2148.0,2126.0,2120.0
kodshahmat,AkaiKenshi,0,0.0,45.04,472.0,1872.0,1863.0,1853.0
varalakshmi2012,vonsgoated,1,0.0,45.52,735.0,950.0,914.0,908.0
Alvi_27,zyavaegiev,1,0.0,45.09,4472.0,1611.0,1575.0,1574.0
stefan2709,pacotilla999,1,0.0,53.97,1594.0,2229.0,2225.0,2191.0
zdmr_mhmt,Juanoune,-1,0.0,47.05,3684.0,1753.0,1747.0,1746.0
dazproger,skampesk,-1,0.0,45.21,384.0,1631.0,1593.0,1579.0
ApiYo,poncho54,-1,0.0,45.02,56022.0,2066.0,2063.0,2030.0
Bisnettinho,Jorgeor,1,0.0,45.02,33169.0,2395.0,2362.0,2358.0
poster1890,EDAgura2017Tugue,1,0.0,61.61,75.0,956.0,874.0,851.0
WouterFR4ever,RawiW,1,0.0,110.65,921.0,2158.0,2025.0,2013.0
mariomunoz,Mohamedelbadryfa,1,0.0,45.06,8726.0,2505.0,2438.0,2345.0
mynamesSerg,sajid2001,1,0.0,45.01,35643.0,1974.0,1970.0,1967.0
Tanzirok,Oleg555-o,-1,0.0,46.26,1929.0,1153.0,1152.0,1144.0
Hino-Kami-Kagura,Poussin06510,1,0.0,500.0,105.0,0.0,0.0,0.0
bayepo9779,simpfor2d,1,0.0,56.35,445.0,1909.0,1907.0,1903.0
azjargalaltangerel,SeNKo27,-1,0.0,45.17,959.0,2180.0,2166.0,2163.0
vishybatu,MagiciansGambit,-1,0.0,45.0,6794.0,2243.0,2208.0,2131.0
Az437,Damis923,1,0.0,45.03,5447.0,1600.0,1600.0,1597.0
Alwego,,401,0.0,500.0,0.0,0.0,0.0,0.0
lokesh_1,,401,0.0,500.0,0.0,0.0,0.0,0.0
DrawsKing,jackymichel,-1,0.0,45.13,8496.0,2552.0,2546.0,2511.0
Gruppa_Kr0vi,Gaseema,-1,0.0,45.05,13663.0,2293.0,2293.0,2266.0
cubeAD,ashfaqahmad,-1,0.0,57.03,19019.0,2469.0,2466.0,2448.0
Dvenkatesh,psychoplatypus,-1,0.0,65.74,3380.0,2003.0,2000.0,1985.0
Natalya1992,sobakaPozirnaja,-1,0.0,45.13,201.0,1214.0,1199.0,1197.0
z49910150,chernobyl_zone,0,0.0,45.18,14854.0,2311.0,2305.0,2296.0
FeTTe_MaDe,OsamelyPesec,-1,0.0,45.08,2687.0,1197.0,1193.0,1191.0
Roman_FaKonov,Jesuosb,1,0.0,45.03,6822.0,2059.0,2045.0,2003.0
romanaparin,HydrogenBondz,-1,0.0,45.9,4498.0,1953.0,1941.0,1929.0
Philas01,arvindraja005,-1,0.0,45.09,7292.0,1650.0,1641.0,1614.0
Jeremyzy53,Mr-ZeQ,-1,0.0,45.23,10755.0,2368.0,2304.0,2282.0
DrAbosaeed,vermic,1,0.0,45.06,14615.0,1584.0,1573.0,1570.0
Sun_REmo,ILHOM_AZIZOV,-1,0.0,45.2,17911.0,2405.0,2349.0,2300.0
Henua,amirmohammadjabari47,1,0.0,45.11,34872.0,2571.0,2496.0,2365.0
hdmmalauredopd1,Splaza10,-1,0.0,45.12,639.0,901.0,857.0,856.0
davidmartinez210374,cyber128,-1,0.0,53.97,1855.0,2183.0,2010.0,1986.0
Underground-Queen,MeninoVadio,1,0.0,45.02,1297.0,2136.0,1906.0,1901.0
Arina1228,PetranTigrosian,-1,0.0,45.03,3384.0,1681.0,1671.0,1669.0
ujjwalbohra,Moonn2007,-1,0.0,45.34,1331.0,2195.0,2160.0,2132.0
davidjguillermo,Future_is_now,-1,0.0,49.37,879.0,1794.0,1792.0,1790.0
Ammar_Aryan15,muhammadadam12345,0,0.0,51.88,322.0,1806.0,1729.0,1723.0
AIrinaV,Eselzug,-1,0.0,45.04,40855.0,2506.0,2471.0,2438.0
Vollstrecker9978,KualaLumpur1989,1,0.0,45.05,928.0,1877.0,1819.0,1729.0
Bugay,LorenzoPapiano,-1,0.0,45.02,716.0,1561.0,1534.0,1533.0
Rory10Rory,bryceygordon,-1,0.0,45.31,1180.0,1090.0,1053.0,1052.0
Jbyrd11,TarekAzizieh,1,0.0,45.35,6603.0,2121.0,2071.0,2066.0
Empty_space55,Boris52,-1,0.0,,,,,
hozerman2024,Yu-Gi-0h,-1,0.0,,,,,
Koravar,Jackhuna,-1,0.0,45.11,1823.0,1306.0,1297.0,1282.0
kobisphilip,LarsiGoreng,-1,0.0,45.69,2211.0,1621.0,1438.0,1437.0
watsapp720,Chezty,1,0.0,500.0,15.0,0.0,0.0,0.0
EmperorAce333,Abidin1979SFR,1,0.0,45.09,5684.0,2306.0,2297.0,2284.0
SohamBhatiaZ,shakss07,-1,0.0,45.16,2152.0,1226.0,1221.0,1221.0
Mnofy,shuvo217,-1,0.0,45.13,652.0,1648.0,1648.0,1646.0
Helium93,tshedy,0,0.0,45.55,6632.0,1495.0,1487.0,1483.0
XDewInfinity,Anton_tops,-1,0.0,45.02,11663.0,2304.0,2264.0,2262.0
AndrewK47,Chess_DC,-1,0.0,45.33,8800.0,2317.0,2162.0,2160.0
XxX_GuCcI_GaNg_XxX,SmooL55,-1,0.0,73.66,683.0,1790.0,1651.0,1244.0
MrRedwest,chessopper,-1,0.0,45.18,3752.0,1747.0,1727.0,1722.0
adrielom,walidbenmbarek,1,0.0,45.02,5178.0,1588.0,1556.0,1546.0
ralamy1,Dr_Cooley,1,0.0,45.02,14463.0,1991.0,1930.0,1901.0
bluefalconnnn,Zyrixter,-1,0.0,54.82,116.0,1303.0,1286.0,1268.0
Erich93,mixjojo,-1,0.0,500.0,1.0,0.0,0.0,0.0
Dokumaci,DhruvParmar17,-1,0.0,48.71,114.0,1884.0,1708.0,1692.0
ivoptk,rockolo,1,0.0,45.13,26494.0,1800.0,1795.0,1790.0
rachid10,Cumback52,1,0.0,46.35,433.0,2388.0,2376.0,2360.0
Valen14,dursdems,-1,0.0,45.03,11375.0,1950.0,1942.0,1906.0
matias7878,quanelpalestino,-1,0.0,267.03,8.0,0.0,0.0,0.0
AJDC248,FelixDeschamps,-1,0.0,45.04,24378.0,2183.0,2157.0,2148.0
kudu6161,yldzapo61,1,0.0,51.5,1710.0,1972.0,1929.0,1879.0
Nirtobb,Upi23,-1,0.0,45.06,3822.0,1526.0,1525.0,1504.0
ZeRitoS,blueberry7,1,0.0,45.11,2697.0,1886.0,1853.0,1781.0
Khaled_Green,salah65,1,0.0,45.16,33757.0,2461.0,2459.0,2447.0
PrinceBR,Samsunga,1,0.0,45.12,3434.0,1515.0,1333.0,1321.0
DjangoChess07,maadrian,-1,0.0,45.01,19415.0,1928.0,1927.0,1920.0
Aharav321,erikvanloon,1,0.0,45.16,1460.0,1457.0,1457.0,1447.0
BallamaUstasi29,HUSH1201,-1,0.0,57.2,1334.0,1708.0,1276.0,1274.0
Alexandr_B,Swara35khandelwal,-1,0.0,49.11,1032.0,2254.0,2192.0,2182.0
MohanDosokey,PhathuB,1,0.0,45.4,376.0,1979.0,1974.0,1973.0
amsterDAM12,TheBleakMidwinter,1,0.0,76.11,28.0,1496.0,1492.0,1475.0
LeSpix,MMM1957,-1,0.0,45.04,24341.0,2403.0,2359.0,2326.0
wkdgussugdkw,Pioada,1,0.0,45.07,4438.0,1898.0,1873.0,1859.0
prizrakmonaxa,taco1220,-1,0.0,49.25,957.0,1370.0,1357.0,1351.0
KingZ7,Paloma2000,1,0.0,49.44,7133.0,1901.0,1850.0,1844.0
dominik-hd,kazemlotfi,1,0.0,45.51,1359.0,1521.0,1487.0,1372.0
javdu,Zti,1,0.0,45.07,5201.0,2122.0,2059.0,2045.0
matthewracing1,,401,0.0,500.0,0.0,0.0,0.0,0.0
Artifook,,401,0.0,500.0,0.0,0.0,0.0,0.0
TriceratopsChess,shravya11,1,0.0,46.3,875.0,2289.0,2287.0,2234.0
Mikhail_Sviridov,Mr-Yugi-Mutto,-1,0.0,45.03,17541.0,2191.0,2182.0,2158.0
ROBNE,jmurr5,-1,0.0,60.61,2451.0,1882.0,1791.0,1781.0
karls2986,Alexpzh,-1,0.0,45.55,20994.0,2616.0,2598.0,2586.0
Nehalkro,JanWendland,-1,0.0,45.69,952.0,1132.0,1121.0,1109.0
Lethe2,spopkov,-1,0.0,45.02,9998.0,1621.0,1536.0,1495.0
Amirkhani1390,ArneJ2806,-1,0.0,45.04,19763.0,1587.0,1575.0,1569.0
VSobhitharam,Sergey-26-04-1985,-1,0.0,45.12,24647.0,2515.0,2469.0,2459.0
felixftw10,ashmitrana,0,0.0,45.11,717.0,1257.0,1224.0,1216.0
Maxim_Chebotarev,Jayco88,-1,0.0,45.18,5696.0,2441.0,2244.0,2244.0
Bezraa3000,fokestogaming,-1,0.0,45.11,700.0,2368.0,2366.0,2355.0
B757-200,maruu_h,-1,0.0,59.2,156.0,1412.0,1395.0,1394.0
St_Chris11,barnstormsky,-1,0.0,45.06,27123.0,2352.0,2328.0,2313.0
ZError,HabibAshi,1,0.0,46.04,1407.0,2370.0,2314.0,2308.0
Gizemli_kaleci,,401,0.0,500.0,0.0,0.0,0.0,0.0
ih1k,,401,0.0,500.0,0.0,0.0,0.0,0.0
DaniFlow007,Rojercer123,1,0.0,45.05,2433.0,1987.0,1913.0,1900.0
dnlsjtmznzl100gg,pcpenguin,1,0.0,49.32,759.0,1780.0,1763.0,1755.0
hero2005,skorpion123,-1,0.0,45.01,40690.0,2077.0,2061.0,2056.0
Jd48,anastasiei,-1,0.0,48.39,2459.0,1644.0,1608.0,1590.0
Lexlive,adhiraj_m,-1,0.0,45.08,10459.0,2796.0,2677.0,2590.0
Andyj16,satb,-1,0.0,45.15,9015.0,1561.0,1527.0,1521.0
littlemark,levi_jonathan123,1,0.0,56.58,199.0,2180.0,2069.0,2063.0
Semenzara170,mirumen1,-1,0.0,45.0,4532.0,1878.0,1832.0,1823.0
I_T_k,Ahmed_fox665,-1,0.0,45.12,1032.0,1783.0,1782.0,1760.0
Vulcan150815,MauroCordeiroChess,-1,0.0,45.1,162.0,1326.0,1297.0,1294.0
ama-macaque,smrti7890,-1,0.0,70.5,1190.0,1242.0,1202.0,1167.0
alimag71,Anerom78,1,0.0,45.08,8860.0,1704.0,1594.0,1423.0
yasa_22,Sultan_of_Sack,-1,0.0,45.05,8525.0,1676.0,1661.0,1658.0
serg076,EdWagemans,-1,0.0,45.07,5111.0,2272.0,2268.0,2264.0
conan12345ngocan,Chez-john,1,0.0,192.71,7342.0,0.0,0.0,0.0
prithi123,sirprawn,-1,0.0,189.48,10022.0,1979.0,1917.0,1822.0
Soven0k_10,ercul,1,0.0,45.1,1027.0,1690.0,1660.0,1655.0
jusjmkim,coragem4,-1,0.0,45.0,36003.0,2122.0,2117.0,2082.0
thehyperthetical,BezVadimaDoma,1,0.0,71.7,137.0,2019.0,1973.0,1952.0
Chess_Prodigy2024,Roidesnobs,1,0.0,45.12,9480.0,2405.0,2348.0,2327.0
GAOR82,BishopRadu,-1,0.0,45.1,17847.0,1987.0,1972.0,1963.0
Jaji2010,miRishabh231,-1,0.0,77.65,824.0,2145.0,2103.0,1949.0
Timon6e,alyssum,1,0.0,45.03,4806.0,2143.0,2022.0,1909.0
ggsbuddy,Drgitesh1961,-1,0.0,,,,,
Fal3x17,Titto29,1,0.0,,,,,
degreez,Dancer1,-1,0.0,45.08,33877.0,2560.0,2501.0,2467.0
bananas007,henryfriendly,-1,0.0,45.04,7936.0,2210.0,2167.0,2080.0
theoichess,supersebi7,-1,0.0,45.25,8588.0,2307.0,2275.0,2272.0
rg_76,blut_engel_rinat,-1,0.0,45.33,721.0,2511.0,2316.0,2308.0
DagerCoo,albertohevia,1,0.0,45.08,631.0,1536.0,1533.0,1532.0
SelakauArie_0,theglacebob,-1,0.0,45.11,1944.0,1973.0,1887.0,1885.0
Tal-Es,ynsss35,-1,0.0,76.1,1790.0,2113.0,2002.0,1991.0
GAUTAMblr24,Rapidchesselo,-1,0.0,46.33,207.0,2229.0,2009.0,1911.0
melayuterakhir,StasV1996,1,0.0,45.3,2381.0,1608.0,1605.0,1603.0
Andpkpl,straightouttaSE,-1,0.0,45.03,13876.0,2075.0,2055.0,2041.0
Noob0chess0player,saktitianltd,-1,0.0,131.58,155.0,1029.0,934.0,911.0
Kingfuria,LUIS_DER_UNSAAC,-1,0.0,45.85,254.0,2375.0,2312.0,2300.0
teo1966,LupoLuccio,-1,0.0,45.95,1243.0,1681.0,1678.0,1676.0
lexychess96,AlexanderFabricio,1,0.0,45.24,15785.0,2231.0,2168.0,2151.0
dimka89,TarzanSchweigt,1,0.0,45.09,1984.0,2609.0,2562.0,2561.0
lookingfortaktiks,blackorwhiteknight,1,0.0,138.25,7372.0,1945.0,1875.0,1870.0
Ygor_Ryazan,rokkinm,-1,0.0,45.58,3238.0,2493.0,2410.0,2358.0
AD86842,KINGSMAHN,-1,0.0,45.2,726.0,1166.0,1163.0,1151.0
Basel-2009,aronnax18,-1,0.0,45.02,7727.0,1901.0,1890.0,1880.0
Boncie,SPILLER-X,-1,0.0,45.15,882.0,1450.0,1439.0,1437.0
Aled_nn,stanmay,1,0.0,45.26,2443.0,2111.0,1912.0,1890.0
solear,mikluha,1,0.0,45.01,5974.0,2511.0,2504.0,2479.0
Guru_das,fabio26feb,-1,0.0,45.08,5941.0,1577.0,1564.0,1563.0
almsroor11,Hadi_hussamo_24,-1,0.0,48.16,10075.0,2542.0,2412.0,2399.0
aouissi-chess,DaiwikJagadeesh,-1,0.0,50.23,52.0,2126.0,2123.0,2109.0
Alexander52NN,Arisia,-1,0.0,45.47,3176.0,1433.0,1393.0,1391.0
Maximus907,GiorgosAth123,1,0.0,45.23,1269.0,2386.0,2381.0,2377.0
Igoryant,TENGOunCOFRE,-1,0.0,45.09,1248.0,1702.0,1684.0,1671.0
quatorze,Bauer-sucht_Dame,0,0.0,45.02,6580.0,2015.0,2010.0,2001.0
PakLieLianC26,Chatte1150,-1,0.0,45.06,2553.0,1281.0,1262.0,1258.0
Minatavr71,esentuki75,-1,0.0,45.08,21299.0,1989.0,1979.0,1965.0
Sanjib_Tax,ottoti,-1,0.0,45.04,2641.0,1806.0,1765.0,1763.0
Lubha,ngunguu,0,0.0,45.42,70.0,1498.0,1487.0,1478.0
profesordas,Smislov_Braga,1,0.0,,,,,
Exordiurum,stoneblockhouse,-1,0.0,,,,,
alimzhankz,medou97,-1,0.0,46.8,2877.0,2151.0,1951.0,1949.0
abombz,hyeono00,1,0.0,45.24,1042.0,1446.0,1400.0,1384.0
leomessi_23,Kaldas90,1,0.0,45.0,11019.0,2974.0,2953.0,2940.0
hknod,Daur1986,1,0.0,45.13,987.0,1733.0,1662.0,1643.0
IshmamMuiz,Elmira_021,-1,0.0,55.45,329.0,1160.0,1103.0,1045.0
Abhinava_9578,GabrielaBaloyan,1,0.0,45.68,1226.0,2006.0,1873.0,1813.0
tragomago,Kitcampos,-1,0.0,45.01,3998.0,1543.0,1529.0,1526.0
HVsharma,joaopaulo3003,1,0.0,56.84,228.0,1005.0,968.0,962.0
keenslimcatfish,abwfares1965,1,0.0,45.0,19565.0,2013.0,2002.0,1942.0
RichardQuilichao,NoDigit,1,0.0,45.07,4385.0,2048.0,2018.0,2017.0
RemAm260,r7em7,-1,0.0,45.18,2146.0,1428.0,1393.0,1215.0
deepgooder,SHERLOCK_THE_BEST,-1,0.0,49.15,774.0,2366.0,2261.0,2254.0
Try_Hard_2V,Kostas68,-1,0.0,45.08,47597.0,2120.0,2118.0,2094.0
yntenot21,Not_Your_Saad,1,0.0,45.12,5779.0,1679.0,1675.0,1657.0
V4lium,Hafeezmhd,1,0.0,45.07,2908.0,2048.0,2045.0,2042.0
Mehmet_7,chess_noob_master,-1,0.0,53.6,2948.0,1953.0,1932.0,1930.0
Mr-KARTAL,Torito2000,-1,0.0,45.0,1049.0,1801.0,1767.0,1747.0
Irbis_zp,prawnX,-1,0.0,56.03,292.0,1275.0,1254.0,1249.0
IzbasarovTimur1707,Tterry,-1,0.0,45.05,3790.0,1809.0,1807.0,1794.0
kingwolf1234,kobemagic,-1,0.0,45.27,8610.0,2741.0,2739.0,2705.0
RuslanFromUfa,amchamp2000,1,0.0,45.01,24130.0,2496.0,2494.0,2471.0
adv3,dsc60,-1,0.0,45.03,2417.0,1498.0,1249.0,1227.0
IceDweller,NotJudell,1,0.0,77.37,617.0,1552.0,1541.0,1540.0
slavadeq,elro07,1,0.0,45.09,4562.0,2548.0,2480.0,2447.0
Maciej_zz,Piotrek_zz,0,0.0,225.27,24.0,0.0,0.0,0.0
algrearat,chesswolle,1,0.0,45.11,1083.0,1462.0,1459.0,1450.0
Yeraboina,jose_61,1,0.0,45.01,2401.0,1874.0,1863.0,1845.0
mr_iuz,basilche,-1,0.0,45.03,15370.0,2150.0,2146.0,2105.0
Unknownplayer101010,lcnxv2021,-1,0.0,45.22,9021.0,2758.0,2757.0,2738.0
bala1955,alnikgul,-1,0.0,48.82,2523.0,2100.0,2040.0,2037.0
Recolecto-Minas,francisco2310,0,0.0,48.82,1008.0,2378.0,2277.0,2193.0
AlstonSabastian,alvaro_campeon,-1,0.0,45.04,8624.0,1439.0,1425.0,1414.0
sigb98,Igor-Shklyarenko,0,0.0,45.15,14624.0,2308.0,2267.0,2220.0
Mokotete,Quyllur,1,0.0,155.54,9.0,0.0,0.0,0.0
utajipanga,my_pawns_are_yours,-1,0.0,117.92,9.0,1651.0,1613.0,1563.0
usmanahmad,orabichess,-1,0.0,45.0,32712.0,2544.0,2460.0,2455.0
henrik9002,Furan42,0,0.0,54.48,915.0,1907.0,1852.0,1772.0
malialtan,laggingbaconvn,-1,0.0,155.97,43.0,1671.0,1586.0,1551.0
Bodnariuc_co,ggua76,-1,0.0,54.89,288.0,1305.0,1233.0,1197.0
oscaruuu123,carmid223,-1,0.0,45.0,3829.0,1798.0,1794.0,1729.0
vibhor_124,AZ-238,1,0.0,45.58,7149.0,1875.0,1855.0,1850.0
Manthan_01,Lk0717NKE,1,0.0,53.95,619.0,1475.0,1440.0,1425.0
DebasishPra,alexxx2N,-1,0.0,46.92,435.0,2293.0,2254.0,2244.0
nupa3,patronf,1,0.0,45.04,4449.0,2284.0,2133.0,2031.0
lopez89,jnuelle,-1,0.0,55.26,3338.0,1271.0,1251.0,1238.0
affect11,mozartishere,-1,0.0,45.19,1409.0,2154.0,2018.0,1907.0
whos_that_magnus_guy,MostafaAboelnor,1,0.0,45.31,1559.0,2019.0,1990.0,1982.0
SittingOnMyButt,vanadio81,-1,0.0,45.51,1450.0,1585.0,1578.0,1557.0
jorjon000,Ferv0ur,-1,0.0,54.14,2659.0,1374.0,1365.0,1365.0
Dadiudul,infinite_king,1,0.0,47.41,1950.0,1602.0,1586.0,1580.0
ZikriSahin29,beenykuttan,-1,0.0,46.01,148.0,1518.0,1509.0,1502.0
wow_08,kapppoSama,-1,0.0,92.63,3211.0,1475.0,1470.0,1468.0
snaju,etinawin,1,0.0,45.15,4518.0,1535.0,1534.0,1522.0
evgenbashkir,nshpritz2,1,0.0,45.19,32682.0,1666.0,1648.0,1646.0
Serzh-Gromez,aleksbav,-1,0.0,93.01,352.0,2594.0,2524.0,2477.0
Karloz1329,Vok-555,-1,0.0,45.26,6546.0,2355.0,2016.0,1904.0
Harshh-nivak,JamesFerguson,-1,0.0,45.06,11283.0,2261.0,2244.0,2201.0
Sol41k,naraleks,1,0.0,45.53,9623.0,1458.0,1454.0,1430.0
engineer2,Doomplayer_666,-1,0.0,45.19,4905.0,2391.0,2387.0,2387.0
kuda_sultan,OspreyMarauder,-1,0.0,57.13,779.0,1330.0,1294.0,1258.0
PradeepBharade,Parmal_Chouriya,1,0.0,49.53,1153.0,1535.0,1506.0,1466.0
MOHAPXUCT,Dmido,-1,0.0,45.07,3923.0,1721.0,1701.0,1700.0
Chesskight14,Niyaz777,1,0.0,47.89,851.0,1804.0,1767.0,1744.0
ThePrinceOfThorns,nldphlz_23,-1,0.0,,,,,
Siavash-I,Flame87,1,0.0,,,,,
KavindiGeesari,chesslucasking,-1,0.0,118.49,98.0,2129.0,1926.0,1915.0
MitinGeorge,Erosant,1,0.0,49.4,6310.0,1710.0,1700.0,1684.0
Schach_0803,mjm281,1,0.0,45.06,2714.0,1454.0,1394.0,1391.0
eray1988,Anon35,-1,0.0,45.07,2805.0,1633.0,1576.0,1569.0
sixtyone007,cozy2345,-1,0.0,45.03,42159.0,2013.0,1897.0,1883.0
Syel,Oscar-De-La-Rosa,-1,0.0,46.92,6159.0,2404.0,2324.0,2268.0
churrasquete,nicamotsky-attack,-1,0.0,78.54,967.0,2512.0,2409.0,2408.0
BloodRaven92,grantelnundmotzen,1,0.0,45.06,31734.0,2482.0,2439.0,2433.0
Manelinux,Pugliane,-1,0.0,45.27,4015.0,1394.0,1218.0,1217.0
pivert_1938,abhilashdxb,1,0.0,245.15,1533.0,0.0,0.0,0.0
fmpoflyer,Greensharder,-1,0.0,45.08,9871.0,2039.0,2019.0,2018.0
mlonop123456,socana69,-1,0.0,48.38,17913.0,2208.0,2191.0,2167.0
IDoThisOneMoreTime,knlmurthyo4,-1,0.0,45.16,5944.0,1651.0,1647.0,1643.0
TheThrill,StructuralRigidity,-1,0.0,45.1,9803.0,2639.0,2606.0,2603.0
Ralf74,Kannnichtviel,1,0.0,45.05,4976.0,2230.0,2096.0,2086.0
WPereira,larryleelane,0,0.0,46.33,2261.0,1825.0,1824.0,1821.0
reza_poursh,M4l3X4ndr3,-1,0.0,91.08,15.0,1861.0,1850.0,1801.0
sTuUpIdnAmE,KagorZug,0,0.0,45.11,862.0,1584.0,1579.0,1578.0
lorrots,alvaro279,-1,0.0,45.0,442.0,1584.0,1560.0,1559.0
gionabaldo,kouchich,1,0.0,45.08,13404.0,2853.0,2844.0,2837.0
FrenzyD,baladeabacate,1,0.0,45.04,1635.0,1254.0,1117.0,1111.0
Denis-190,chesssera,-1,0.0,45.06,301.0,1210.0,1191.0,1182.0
dincer_baskan,Stefanovthe,-1,0.0,45.03,1078.0,1607.0,1479.0,1472.0
reezjazman,Palanques,1,0.0,45.72,13429.0,1874.0,1868.0,1848.0
Oscarhuaiquimil,Arturo2567,1,0.0,52.27,476.0,2029.0,1986.0,1967.0
Ri3x,labrego,1,0.0,45.13,8571.0,1833.0,1792.0,1689.0
Dmitri_75,rajeeshprajan,-1,0.0,50.1,2837.0,1807.0,1806.0,1770.0
Imjava27,kingragz,1,0.0,47.15,4749.0,2385.0,2373.0,2369.0
Kaka08,ruslanka1986,-1,0.0,45.13,2109.0,1819.0,1798.0,1752.0
ahmedreda_1,Lernik_Gladiator,-1,0.0,51.48,119.0,2210.0,2150.0,1967.0
fidelov2,Sharalis,1,0.0,122.2,17.0,0.0,0.0,0.0
Atokral,seanski26,1,0.0,45.23,6168.0,2044.0,2032.0,2023.0
Roman0509,uncle-mattie,-1,0.0,45.33,792.0,1167.0,1127.0,1121.0
cache777,palmagerry,-1,0.0,45.0,7496.0,1789.0,1789.0,1785.0
Oleg-GOR,Przemekdi,1,0.0,45.38,2288.0,1649.0,1494.0,1453.0
Sobakin19sm,Phracture2022,1,0.0,45.12,4446.0,2235.0,2189.0,2183.0
John_S1lver,ggcraveiro,-1,0.0,86.54,55.0,1755.0,1738.0,1518.0
efgen101,vivekkushwaha7898,-1,0.0,47.37,2188.0,1508.0,1501.0,1496.0
fun4jkb,Snoow_23,-1,0.0,45.12,383.0,2053.0,1637.0,1571.0
shlokshroff10,chessyogi07,-1,0.0,45.18,1918.0,1474.0,1418.0,1409.0
Herman11,Singandaru_OPG,-1,0.0,56.18,967.0,2226.0,2210.0,2177.0
Hfourie,LOVE_X,-1,0.0,45.74,367.0,1344.0,1318.0,1252.0
JoseChees2024,gavial,0,0.0,45.05,10202.0,2097.0,2075.0,2073.0
Wissam123_123,koneeb69,-1,0.0,54.36,70.0,1331.0,1270.0,1252.0
ManhattanO,ClarenceDChess,-1,0.0,45.07,787.0,1619.0,1611.0,1602.0
Filipp_2017,josema_79,1,0.0,45.01,10586.0,1591.0,1588.0,1581.0
FrenchThinking,lexsbit,1,0.0,45.06,8608.0,1977.0,1964.0,1955.0
StephenAmBro,ALEXLECO75,0,0.0,59.54,4647.0,1874.0,1831.0,1803.0
alekseev98,SirHK1,-1,0.0,45.0,10799.0,2053.0,2018.0,1932.0
Angel_Baptista-13,Aakash789,1,0.0,45.14,662.0,1872.0,1847.0,1830.0
Dhiren1206,begechess,1,0.0,45.08,18081.0,1759.0,1745.0,1715.0
storboo,chuchov22,1,0.0,45.08,1329.0,2143.0,2085.0,2075.0
MomeniMahdi,samfp21,1,0.0,45.11,12578.0,2272.0,2258.0,2247.0
brimstone52,aboroshd,-1,0.0,45.02,32593.0,2188.0,2155.0,2152.0
jhamzy9,canlar,-1,0.0,45.02,3358.0,1579.0,1576.0,1572.0
the-runner,MOAAZ111a,-1,0.0,45.12,742.0,2105.0,2094.0,1999.0
PapaLena,ReunitePangaea,-1,0.0,45.09,9678.0,1793.0,1783.0,1777.0
Mamedov_Shirhan2014,Zhou_Dylan,-1,0.0,101.72,45.0,2075.0,1873.0,1860.0
Pranav_Gothe,tppkam,-1,0.0,46.84,2659.0,2271.0,2132.0,2130.0
showired,thehikingbadger,1,0.0,48.65,2467.0,1651.0,1648.0,1545.0
Shabinp,milailda,-1,0.0,45.22,1258.0,2339.0,2216.0,2212.0
LIVTE,Rokkaso,-1,0.0,45.08,3397.0,2258.0,2257.0,2155.0
rsit,Faiz_45mkr,-1,0.0,68.15,156.0,1639.0,1639.0,1603.0
campeon_bullet_10,AlexeyZuev,1,0.0,45.05,16419.0,1940.0,1933.0,1928.0
spuddddddd,Seraphim8293,-1,0.0,45.0,1742.0,1794.0,1691.0,1691.0
Adria2011,moneer999,1,0.0,45.01,491.0,1275.0,1242.0,1214.0
aladin123456,AQUITAIN332,1,0.0,48.95,7559.0,1730.0,1729.0,1720.0
King_of_Clever,dineshvmaster,1,0.0,46.11,359.0,1297.0,926.0,875.0
Gui_Obermuller,elmachofran,-1,0.0,46.41,450.0,1982.0,1949.0,1891.0
Parovoz98,Omeske1,-1,0.0,49.66,670.0,1977.0,1924.0,1923.0
espoir_17,kralrobert,1,0.0,45.15,2096.0,1401.0,1084.0,1065.0
matherforce,Aroseisaroseisarose,-1,0.0,45.06,2604.0,1647.0,1619.0,1606.0
seaman248,keanegleeson,1,0.0,45.13,1815.0,1591.0,1510.0,1500.0
chess64bit,Olezha_loh,1,0.0,45.01,1273.0,1224.0,1201.0,1194.0
Amkey,jordijcr,-1,0.0,49.43,7252.0,1638.0,1631.0,1619.0
Grepulis,LeVanneau,-1,0.0,45.0,19280.0,2219.0,2194.0,2188.0
x6am,Daviz-Stgo,-1,0.0,46.3,3428.0,1736.0,1730.0,1729.0
bogor_action,darmanto123,-1,0.0,45.16,12181.0,2565.0,2563.0,2522.0
whitetoki,Peam777,-1,0.0,124.32,415.0,1334.0,1329.0,1187.0
Barisdsd,BENGUNN,-1,0.0,45.23,17996.0,2372.0,2319.0,2307.0
CJazz251,aztecnietzche,1,0.0,45.51,9622.0,1991.0,1988.0,1974.0
Valkotassu,Valoron,1,0.0,45.02,9523.0,2453.0,2443.0,2440.0
spaceguild,elmo75,-1,0.0,45.44,7371.0,1367.0,1358.0,1352.0
tomasdr,punkout117PK,-1,0.0,45.46,9730.0,1659.0,1657.0,1638.0
admin54,balu1969,-1,0.0,45.05,10106.0,2434.0,2374.0,2371.0
Gabro_Miranha,FabioCaixeta,-1,0.0,47.17,5899.0,1400.0,1390.0,1390.0
dinesh_braina,kuider,1,0.0,45.07,5947.0,2218.0,2197.0,2189.0
MurkaFRF,meiembipe,1,0.0,45.0,1260.0,1269.0,1258.0,1253.0
piroman66,MB0102,-1,0.0,63.18,5150.0,1497.0,1470.0,1469.0
Rahandzandi,Davidson79,-1,0.0,45.14,538.0,1506.0,1390.0,1383.0
nadal73,Olexs,-1,0.0,45.2,7318.0,2105.0,2086.0,2085.0
Ariuka8824,IgorVK,-1,0.0,45.0,7764.0,2477.0,2455.0,2408.0
kemmOOna,Txemaypunto,-1,0.0,45.08,6635.0,1401.0,1395.0,1377.0
filkoff,Takutzin,-1,0.0,45.02,11882.0,1631.0,1584.0,1584.0
abed1000,Ov3ja,-1,0.0,54.41,4730.0,1580.0,1580.0,1577.0
Roninkill,Piuttosto_scarso,-1,0.0,45.24,798.0,1368.0,1338.0,1336.0
Akashoooo,varunranaji0811,1,0.0,77.97,185.0,1923.0,1732.0,1675.0
shubham12145,Sayli_deshmukh,-1,0.0,55.5,164.0,1862.0,1842.0,1841.0
puhelinhassuratsu,mehrdad44,-1,0.0,45.05,33715.0,2474.0,2440.0,2419.0
knight_crawler1,Lean1972,-1,0.0,45.05,9516.0,1765.0,1746.0,1715.0
sultan248,Azamat1996,-1,0.0,308.02,122.0,0.0,0.0,0.0
Matthieu2500elo,lauchx,1,0.0,54.54,518.0,1821.0,1740.0,1673.0
Chessian,mamorusc2,1,0.0,45.09,10500.0,1903.0,1877.0,1876.0
danofdans,Sumit9391,-1,0.0,46.1,5671.0,1916.0,1881.0,1877.0
boogyman123,ItsAnd1,-1,0.0,45.12,784.0,1510.0,1483.0,1475.0
AlbaKnight,Kchessman2015,-1,0.0,45.14,66127.0,2710.0,2457.0,2438.0
Demkiv,Valdo_9182-1,-1,0.0,46.01,1276.0,1589.0,1560.0,1533.0
ElvinPh,Il_Trapezio_Marziano,-1,0.0,49.63,721.0,1698.0,1677.0,1604.0
Ayoub_goatedzaimi,Capa89,1,0.0,,,,,
maknyus1984yyy,Martinious,-1,0.0,,,,,
Atget,hezndu,-1,0.0,45.09,4946.0,1628.0,1544.0,1541.0
TUGOOB,Nailual10,-1,0.0,45.01,17244.0,2058.0,1970.0,1960.0
walbig,yuneiker-chess24,-1,0.0,47.36,2922.0,2323.0,2321.0,2307.0
Almetti77,Vallesco,1,0.0,52.17,915.0,1501.0,1500.0,1494.0
musahmet,Raphalex,-1,0.0,86.09,740.0,1121.0,1120.0,1117.0
TheBishopR,EL_DOC,1,0.0,76.2,2445.0,1817.0,1752.0,1690.0
MangoPeel1,DimaFaraon,1,0.0,45.32,897.0,1851.0,1783.0,1764.0
cta94,benjamax7,1,0.0,48.62,2886.0,1475.0,1429.0,1414.0
ChadAashu0,shayashayah,1,0.0,45.03,255.0,2072.0,1963.0,1953.0
poojapooja22H,Zauberdavidhaus,-1,0.0,192.78,2128.0,1277.0,1193.0,1167.0
Run_the_jewelz,lXGMXl,-1,0.0,45.41,2332.0,2551.0,2517.0,2513.0
Erich_Eliskases,Bonitta,-1,0.0,45.04,1905.0,2779.0,2722.0,2700.0
Knight_Rider_B2,K-Lphang,-1,0.0,68.95,27.0,958.0,951.0,950.0
javiermarinnanez,BossKingMaster,-1,0.0,45.09,12485.0,1523.0,1496.0,1487.0
Voara21,Toavina66,-1,0.0,55.75,674.0,2120.0,2091.0,2053.0
ceresith,Dancer1,1,0.0,45.08,33877.0,2560.0,2501.0,2467.0
Blackpanther544,edall1962,1,0.0,45.02,20958.0,1941.0,1909.0,1909.0
Arafatt00,Anticolle,-1,0.0,45.69,322.0,2107.0,2104.0,2045.0
TooSlooow,Mohammed218mm,-1,0.0,46.98,336.0,1752.0,1736.0,1582.0
i-am-russian-machine,poppohorik,1,0.0,45.06,34185.0,1959.0,1954.0,1954.0
PSlinochess,kralaslan_21,-1,0.0,45.18,7736.0,1617.0,1529.0,1519.0
Haxhar911,GreyMW,1,0.0,45.03,2578.0,1687.0,1676.0,1671.0
Thecleanghost,Amigo_mi,1,0.0,45.26,683.0,1234.0,1121.0,1035.0
Enecharla_14,ItsTheGreyGoose,-1,0.0,105.66,4857.0,1583.0,1550.0,1548.0
regicide101,IkramRW,-1,0.0,51.38,384.0,1654.0,1637.0,1632.0
MARIK13052018,sergbur,-1,0.0,45.13,1753.0,1634.0,1623.0,1616.0
nickanyways,kilrboy,-1,0.0,,,,,
Wirklich123,tmandl,1,0.0,,,,,
MusaWien,Salih7267,1,0.0,45.08,827.0,1226.0,1216.0,1213.0
YogiBear244,peterpan1975,-1,0.0,,,,,
Bryano2023hhgdfhgrvb,AquamanR,1,0.0,,,,,
Badang1,milankatwal999,-1,0.0,45.75,4540.0,2099.0,2011.0,1993.0
uga40,afiffuddin,1,0.0,48.36,616.0,1657.0,1638.0,1635.0
MasterOutOfDisaster,ostapibrogim,-1,0.0,45.12,316.0,1162.0,1111.0,1074.0
drevitskii,Onthisgame,-1,0.0,45.15,7584.0,2017.0,1949.0,1938.0
eliwagnercode,jlopesflorencio,-1,0.0,45.09,703.0,1581.0,1567.0,1561.0
Hatm310,GaaanGuuuu,-1,0.0,47.72,296.0,2369.0,2360.0,2332.0
phidalgo07,Hoekchess,-1,0.0,45.03,836.0,2038.0,2011.0,1996.0
Augustogp,Annagiulia,-1,0.0,45.02,4460.0,1874.0,1865.0,1865.0
Cheikh_Musa,RickMGcxnl,1,0.0,54.27,17504.0,2373.0,2337.0,2329.0
zaphiri,motty4321,-1,0.0,45.74,1408.0,1976.0,1794.0,1792.0
Orest_Zinchuk,,401,0.0,500.0,0.0,0.0,0.0,0.0
Lev_Trofimov-11,,401,0.0,500.0,0.0,0.0,0.0,0.0
kriksan,Mr_WingTsun,0,0.0,45.07,988.0,2046.0,2017.0,2001.0
dixie10,Khuramsabri,-1,0.0,45.6,10614.0,2137.0,2097.0,2087.0
Sabarivasan_17,Sonzeri,1,0.0,45.19,193.0,851.0,848.0,841.0
HeYCaNn,Mark1101smd,-1,0.0,45.07,15607.0,2070.0,2053.0,2010.0
Xeyal_Mehdi,gonze,-1,0.0,73.05,5415.0,1508.0,1506.0,1501.0
michael_ws,smcalpin01,-1,0.0,45.23,2988.0,1907.0,1890.0,1796.0
Prince_Akiba,always63,1,0.0,45.03,36505.0,2801.0,2762.0,2758.0
Sasha_Kosenko,Giwa_Samuel,-1,0.0,45.07,4962.0,1813.0,1812.0,1812.0
Melikov-Roman,Velo14,-1,0.0,45.03,11617.0,1560.0,1558.0,1558.0
grgjr,tobros,1,0.0,45.12,4506.0,1522.0,1512.0,1508.0
Yaroslav34,likephenomenon,-1,0.0,45.24,6406.0,1698.0,1672.0,1666.0
Qazer1,HerbyW,-1,0.0,45.08,21629.0,2613.0,2418.0,2399.0
Rapapapatskyi,Lazius2011,-1,0.0,45.3,677.0,1482.0,1444.0,1433.0
alihmrashdi,AlexPlaymaker,1,0.0,45.02,29366.0,1959.0,1942.0,1937.0
absolutegoist,,401,0.0,500.0,0.0,0.0,0.0,0.0
ahmed150300,,401,0.0,500.0,0.0,0.0,0.0,0.0
rah91,niazi5331,-1,0.0,45.12,18807.0,2310.0,2267.0,2227.0
Belousov_Vova,,401,0.0,500.0,0.0,0.0,0.0,0.0
ankitsancheti,,401,0.0,500.0,0.0,0.0,0.0,0.0
bucky1898,Pegazus,1,0.0,45.02,2571.0,1195.0,1135.0,1132.0
atakabayev1,javad_kd,1,0.0,45.34,1993.0,1667.0,1660.0,1657.0
Eipheid,andyame109,1,0.0,45.56,360.0,1595.0,1577.0,1534.0
zeduskha,strugglercurse,-1,0.0,56.8,138.0,1745.0,1518.0,1491.0
Korolevich93,Vasilevs1012,1,0.0,115.24,117.0,1267.0,1195.0,1174.0
MingazovVadim,luciopicca,1,0.0,45.09,14095.0,1289.0,1278.0,1274.0
maeyd,turaaa,1,0.0,45.03,3413.0,2117.0,1906.0,1876.0
alex55555,Witsi,1,0.0,45.01,8508.0,2223.0,2214.0,2180.0
AlexShovkoplyas777,Lxj45,1,0.0,50.32,3584.0,2085.0,2075.0,2061.0
Woodywoodpeckr,siberiancrane,1,0.0,45.2,2203.0,1854.0,1852.0,1843.0
Merazir,andreybrown,1,0.0,46.94,1286.0,1744.0,1691.0,1181.0
ahmetsait1905,kvendkure,-1,0.0,45.06,4684.0,1684.0,1650.0,1626.0
Stewartgranger,Houston_Rockets,1,0.0,45.07,5481.0,2705.0,2496.0,2491.0
El_Caballo23,Moekyun21,-1,0.0,45.43,3230.0,1865.0,1853.0,1837.0
rashikcosmos,Koeier,-1,0.0,45.07,2563.0,2274.0,2250.0,2242.0
Falkenauge01,Miilaamber,-1,0.0,58.5,91.0,2163.0,2162.0,2126.0
Ibrakhim_777,JoePitch,-1,0.0,45.33,380.0,1391.0,1157.0,1137.0
hantana77,bobojef2,-1,0.0,50.23,391.0,1434.0,1427.0,1418.0
TiagoMorante2,JbbCreativeArts,-1,0.0,45.07,837.0,2111.0,2102.0,2029.0
bbjj400,LINDI2020,1,0.0,,,,,
HekpoMaH,iguretz,-1,0.0,,,,,
jose65,Norbiki,1,0.0,45.0,521.0,1968.0,1938.0,1796.0
skk,SimonColligan123,1,0.0,45.07,556.0,1805.0,1787.0,1713.0
Amin1613,KingLukas1,-1,0.0,,,,,
martinsh,dgwChess,-1,0.0,,,,,
Titi-Nono,Tshepisho,-1,0.0,59.89,2463.0,2002.0,1647.0,1635.0
Cfaice,ayoubdab,1,0.0,45.03,22043.0,2192.0,2187.0,2179.0
YuniorTello,ronald7agabao,-1,0.0,45.17,15632.0,2405.0,2343.0,2317.0
Gibby5150,m-ayaad,1,0.0,500.0,284.0,0.0,0.0,0.0
AMADNESS,MAKIF_SATRANC,-1,0.0,45.0,18237.0,2439.0,2359.0,2349.0
Antonio5300,ggc_08,1,0.0,45.09,27597.0,2476.0,2457.0,2444.0
XYZ987654XYZ,inaz05,-1,0.0,45.06,66790.0,2146.0,2140.0,2126.0
futurfiloharakotobe,Borinowitsch,1,0.0,45.04,3497.0,2340.0,2328.0,2319.0
hugh_sat,robbiemalcolm,-1,0.0,45.07,4316.0,1673.0,1617.0,1601.0
Dima0925,yokoyama2501,1,0.0,45.21,7678.0,1717.0,1708.0,1705.0
josemari1,Marmanu-50,1,0.0,53.82,185.0,1537.0,1260.0,1247.0
Rocket45,khaledaliii,-1,0.0,45.09,8019.0,1700.0,1662.0,1626.0
mohammadmo2811,umut_yilmazz,1,0.0,103.91,51.0,1449.0,1131.0,1116.0
J_Bosss,arek_chessforfun,-1,0.0,45.14,1016.0,2109.0,2096.0,2080.0
turturtur,murat_ozturk1980,-1,0.0,45.18,10389.0,2328.0,2319.0,2303.0
Pasha00111,hpirandeh,-1,0.0,55.31,856.0,1270.0,1242.0,1236.0
TheMedicalProfessor,nemesis010,-1,0.0,45.14,114.0,1312.0,1304.0,1296.0
juvinco,Znayko,1,0.0,46.1,2248.0,1178.0,1171.0,1165.0
iiTzD4v1d,TarakChHalder,-1,0.0,,,,,
rezaa62,nest76,1,0.0,,,,,
MelvinReniJohn5,Ritosh,0,0.0,45.02,2419.0,1880.0,1855.0,1838.0
martianyx,DASBRBCE,1,0.0,45.04,24933.0,2522.0,2375.0,2343.0
Black_knight007,apedmohamed11,1,0.0,45.18,334.0,2060.0,1893.0,1878.0
jaimedicer,abikoaz,-1,0.0,45.01,2063.0,1501.0,1497.0,1496.0
Dalaimanoj,Robsonrms,1,0.0,50.39,933.0,1176.0,1008.0,990.0
ManitoElegida,jor2287,-1,0.0,45.0,25420.0,2704.0,2591.0,2559.0
Dmitryekat,mchvtr,0,0.0,127.83,3490.0,2419.0,2340.0,2292.0
Att0909,wevazaha,-1,0.0,45.21,7269.0,1524.0,1519.0,1515.0
Svastik141147,Bonarsiusspy,-1,0.0,45.0,16895.0,2690.0,2459.0,2445.0
Sarmi_18,SergeiSEMENOV,-1,0.0,45.07,20939.0,2773.0,2617.0,2581.0
SPraTan,Lem0nHead,1,0.0,45.05,34459.0,2321.0,2293.0,2281.0
bernarm,ZacharyZane,1,0.0,183.75,7.0,0.0,0.0,0.0
Kemya,pasodeblas,-1,0.0,45.02,6260.0,1251.0,1244.0,1242.0
Luisierra,centjb,0,0.0,47.44,627.0,1819.0,1752.0,1706.0
Gurculeme,FastCavalier,-1,0.0,45.08,10961.0,2864.0,2847.0,2835.0
SMKAF21,Simba-Andron,-1,0.0,45.23,137.0,1716.0,1512.0,1439.0
That_Guy27,LordArminius,-1,0.0,45.06,20013.0,2074.0,2072.0,2066.0
Swapnil_7879,rubrico,1,0.0,73.55,3120.0,2058.0,2003.0,1957.0
DenisP2014,taha85019,1,0.0,51.45,824.0,1115.0,1095.0,1079.0
vihaanjg,Neighboursdog,-1,0.0,53.48,21577.0,1575.0,1569.0,1561.0
phigro,Firefox2610,-1,0.0,45.02,10513.0,2119.0,2112.0,2111.0
K-pablanca,pascalreinhold,-1,0.0,45.11,1645.0,1744.0,1733.0,1690.0
Gazirrrr,vinod-vms,1,0.0,45.08,4791.0,2039.0,1951.0,1934.0
Ninjology,williskim,1,0.0,45.44,3393.0,2373.0,2368.0,2344.0
Kalyke2003,dovh97,0,0.0,45.22,2927.0,1579.0,1520.0,1507.0
N14x,eng_ahmed1001,-1,0.0,109.6,361.0,1873.0,1502.0,1494.0
MrPotatoHead3,ovoimenepostoji,1,0.0,47.12,3105.0,1952.0,1875.0,1859.0
Vorttt,Zhigalko_Sergei,-1,0.0,45.97,28355.0,3032.0,3022.0,3019.0
shddd,gxonatano,1,0.0,49.28,1514.0,1669.0,1644.0,1639.0
Tri47,Mamin45116,1,0.0,45.16,8821.0,1839.0,1824.0,1800.0
Alvarorosas2024-09,Jairo2023,1,0.0,46.03,1602.0,1874.0,1846.0,1840.0
