user_id,win_rate,lose_rate,draw_rate,game_count,blitz_rating
alban28,51.0,42.0,7.0,100.0,2012.0
abacaalan,13.0,86.0,0.0,22.0,1145.0
ITS_JUST_A_PAWN,73.0,26.0,0.0,57.0,2005.0
oy42507,0.0,100.0,0.0,3.0,1266.0
al_new,57.0,35.0,7.0,42.0,1729.0
Tolik08,59.0,41.0,0.0,100.0,1896.0
utufa,50.0,50.0,0.0,30.0,1935.0
socojay,38.0,56.0,5.0,100.0,1301.0
Apostazikale,55.0,45.0,0.0,100.0,1012.0
SylfriedT,42.0,56.0,1.0,100.0,1451.0
tjmakmak,44.0,51.0,5.0,100.0,1886.0
Widodo007,51.0,49.0,0.0,100.0,1799.0
Pilot-Danya,40.0,60.0,0.0,15.0,1441.0
eltactico62,51.0,40.0,9.0,100.0,2472.0
breslauchess,50.0,44.0,6.0,100.0,1818.0
Arbaaz_Makandar,40.0,53.0,7.0,100.0,1035.0
Don_Arsen,48.0,47.0,5.0,100.0,1985.0
Tanatako,49.0,50.0,1.0,100.0,1740.0
santosamaral,60.0,32.0,8.0,100.0,1035.0
Yasyas98,53.0,42.0,3.0,78.0,1823.0
karnaticalDecay,0.0,100.0,0.0,3.0,2201.0
timfsh61,42.0,50.0,8.0,100.0,1690.0
valeiosky,46.0,52.0,2.0,100.0,1598.0
Reshma_786,25.0,75.0,0.0,12.0,538.0
wiosennydelfin,54.0,42.0,4.0,100.0,1159.0
b098765432,41.0,54.0,5.0,100.0,1589.0
zepoll,41.0,57.0,1.0,100.0,1119.0
adamiva5,50.0,46.0,4.0,100.0,2385.0
mulyanafis,51.0,48.0,1.0,100.0,1536.0
kazakjigit,41.0,56.0,3.0,100.0,1392.0
Outie5000,42.0,57.0,0.0,78.0,2083.0
feren42,48.0,46.0,6.0,100.0,1832.0
imperialxadrez1,45.0,49.0,6.0,100.0,1893.0
souloflion7,64.0,35.0,0.0,51.0,1917.0
farhadchavoshy1980,47.0,52.0,1.0,100.0,1391.0
KBIndian14,37.0,56.0,7.0,100.0,1607.0
aronnax18,44.0,51.0,5.0,100.0,1753.0
Anndking,25.0,75.0,0.0,8.0,1170.0
poyraztahmaz18,25.0,75.0,0.0,4.0,1036.0
yacin39,0.0,50.0,50.0,6.0,1240.0
SaintlessSoul,53.0,45.0,2.0,100.0,1091.0
lmc97,56.0,44.0,0.0,100.0,2009.0
carlosmartin75,59.0,37.0,4.0,100.0,1237.0
RafaelMartinez,42.0,46.0,12.0,100.0,2137.0
Zapatapa,72.0,22.0,6.0,100.0,2415.0
haci_mehmet,44.0,52.0,4.0,100.0,1876.0
dob3120,0.0,100.0,0.0,3.0,2165.0
pabloakroobata,30.0,61.0,9.0,100.0,1601.0
ToyoGlumov,52.0,41.0,5.0,51.0,1171.0
thegreatGustavo,48.0,52.0,0.0,75.0,1198.0
hadyalsseg,55.0,44.0,0.0,27.0,1500.0
DragonOfTheWes,51.0,44.0,5.0,100.0,1421.0
cefraricrazy,46.0,49.0,5.0,100.0,1555.0
PirateAvogadro,54.0,43.0,3.0,100.0,1842.0
Szczerbaty,44.0,55.0,1.0,100.0,1734.0
Mahmoudmousa777,46.0,51.0,3.0,100.0,1954.0
AAAAA-OOOO,43.0,53.0,4.0,100.0,2286.0
Jena-Boy,57.0,42.0,0.0,100.0,2014.0
Billbeeduck,27.0,70.0,3.0,100.0,1351.0
I_DOSVIDOS,49.0,49.0,2.0,100.0,1953.0
isma4,48.0,50.0,2.0,100.0,1750.0
stelaras007,47.0,50.0,3.0,100.0,1705.0
sancaktar115,55.0,42.0,3.0,100.0,1740.0
george17,54.0,41.0,5.0,100.0,1611.0
Vivalydi,66.0,33.0,0.0,18.0,1604.0
SachaBouet,70.0,27.0,3.0,100.0,1592.0
Sociables,44.0,41.0,15.0,100.0,2336.0
Quintero77,46.0,45.0,9.0,100.0,2073.0
CarlaCamila,40.0,55.0,5.0,100.0,1290.0
Zevensteen,43.0,56.0,1.0,100.0,1719.0
NJAlves,56.0,42.0,2.0,100.0,1839.0
andrzej602,48.0,49.0,3.0,100.0,1465.0
Agmotex,100.0,0.0,0.0,3.0,963.0
A347,41.0,38.0,21.0,100.0,2282.0
Zeus_Poseidon,51.0,47.0,2.0,100.0,1898.0
Pitzz,56.0,41.0,3.0,100.0,2561.0
WreathNoel,48.0,51.0,1.0,100.0,2031.0
behroozrezaei,56.0,39.0,5.0,100.0,1614.0
Adolescence_03,36.0,59.0,5.0,100.0,1814.0
Nextkinghuntt,34.0,59.0,7.0,100.0,2072.0
OratileKgotlane1,52.0,35.0,13.0,100.0,2334.0
Telioridov,47.0,47.0,6.0,100.0,2106.0
getoutofmyswamp,33.0,61.0,5.0,54.0,2056.0
Robert1959s,40.0,60.0,0.0,45.0,2061.0
bekuz27,52.0,42.0,6.0,100.0,951.0
Noaltomate,44.0,50.0,6.0,100.0,1703.0
MichaelBear12,55.0,42.0,3.0,100.0,1935.0
msliwka,42.0,55.0,3.0,100.0,1147.0
OPathul,51.0,41.0,8.0,100.0,1641.0
ADN87,54.0,39.0,7.0,100.0,1986.0
daddy4455,56.0,28.0,14.0,100.0,1503.0
antoineblack,52.0,45.0,3.0,100.0,1389.0
CANKIYAK,100.0,0.0,0.0,21.0,1794.0
Izitso21,55.0,44.0,1.0,100.0,1487.0
Shiiinyyy,44.0,55.0,0.0,27.0,1760.0
R18SSS,66.0,27.0,5.0,54.0,1728.0
FC_Dnipro,48.0,47.0,5.0,100.0,2220.0
whatareyoudoing7,35.0,60.0,5.0,60.0,1211.0
East_ellite,50.0,50.0,0.0,6.0,1903.0
kangwabwembyA1,41.0,52.0,7.0,100.0,1933.0
DrMohamedNasr,34.0,59.0,7.0,100.0,1758.0
crosscheq,44.0,50.0,6.0,100.0,1877.0
AboamerM,51.0,44.0,5.0,100.0,1420.0
TheNameWadu,50.0,44.0,6.0,100.0,1714.0
Sunny6807,50.0,50.0,0.0,6.0,1866.0
BlundersWithHaz,50.0,40.0,10.0,100.0,1548.0
Trasto79,44.0,54.0,2.0,100.0,1158.0
vovak58,50.0,48.0,2.0,100.0,1506.0
MADARA343,53.0,45.0,2.0,100.0,1911.0
android1234,52.0,41.0,7.0,100.0,2020.0
Eno3,48.0,50.0,2.0,100.0,1532.0
Aktush_46,47.0,45.0,8.0,100.0,1558.0
Falkots88,52.0,41.0,7.0,100.0,1892.0
EgyptianChessGenius,41.0,56.0,2.0,100.0,1679.0
Micki99,100.0,0.0,0.0,3.0,1720.0
moleman7,51.0,49.0,0.0,100.0,1837.0
WAC-47,44.0,52.0,4.0,100.0,1889.0
rinert,54.0,45.0,0.0,33.0,
the-best-in-history,38.0,56.0,6.0,100.0,2248.0
RonP78,53.0,45.0,2.0,100.0,1361.0
hhhidalgo,41.0,57.0,1.0,100.0,2046.0
pjf399,37.0,61.0,2.0,100.0,1753.0
ahmedmemo165790,40.0,50.0,10.0,100.0,1203.0
Mnogeek,33.0,66.0,0.0,27.0,1397.0
AnormalHP,44.0,55.0,0.0,27.0,2129.0
Fath66,55.0,44.0,0.0,27.0,1408.0
JCassChess,49.0,50.0,1.0,100.0,1525.0
Jordon37,50.0,47.0,3.0,100.0,1724.0
pe_Recife,0.0,100.0,0.0,3.0,1585.0
the_smasher,43.0,51.0,6.0,100.0,1803.0
end_game11,38.0,57.0,4.0,100.0,2019.0
Jaro50,45.0,51.0,4.0,100.0,1763.0
Karakala666,55.0,42.0,3.0,100.0,1825.0
Porfirion222,44.0,51.0,5.0,100.0,1450.0
Alex-Tishin2021,47.0,46.0,7.0,100.0,1976.0
Zatluanga,46.0,53.0,1.0,100.0,1385.0
Ramzes17,59.0,35.0,6.0,100.0,1380.0
ivo1977,48.0,48.0,4.0,100.0,1632.0
Swish_and_flick,37.0,56.0,6.0,100.0,1621.0
Gena_Bg5,56.0,39.0,5.0,100.0,2230.0
Starfin7,50.0,43.0,6.0,48.0,774.0
Leandro36asa,50.0,50.0,0.0,12.0,1917.0
csaba_nemeth,38.0,56.0,6.0,100.0,1274.0
RONALDOMOISES,32.0,60.0,8.0,100.0,1994.0
emrahhckk,54.0,44.0,2.0,100.0,1106.0
SANIDHYA1301,41.0,48.0,10.0,87.0,1380.0
sahsec,47.0,53.0,0.0,100.0,1527.0
shalop4i,66.0,33.0,0.0,18.0,1700.0
LakshmananV,0.0,100.0,0.0,18.0,1437.0
CelalCatma1907,47.0,46.0,7.0,100.0,1833.0
Nutzer5,57.0,28.0,14.0,21.0,1162.0
jgoldsmith3,42.0,51.0,7.0,100.0,1522.0
mr_obama,75.0,25.0,0.0,24.0,1737.0
WULFGOR,45.0,49.0,6.0,100.0,1031.0
IAmTheGuy,18.0,81.0,0.0,33.0,2016.0
Rodrirod18,49.0,47.0,4.0,100.0,1613.0
notorious1717,0.0,100.0,0.0,6.0,1899.0
theycallmegoddes,36.0,45.0,18.0,33.0,1982.0
Lopozeeee,55.0,40.0,5.0,100.0,2147.0
Rafael7B,42.0,56.0,1.0,100.0,1781.0
buidangkhoi0501,81.0,9.0,9.0,33.0,1996.0
natopedroso,51.0,47.0,2.0,100.0,1225.0
omidesma,41.0,56.0,2.0,100.0,1555.0
worthy28,44.0,51.0,5.0,100.0,2176.0
abodalazzam,44.0,44.0,11.0,54.0,1996.0
Dmitry_Loshakov,51.0,42.0,7.0,100.0,2108.0
Ziterman,48.0,47.0,5.0,100.0,1470.0
Ahmad-Osman,10.0,88.0,2.0,100.0,493.0
MaikMuikBrueckner,45.0,47.0,8.0,100.0,1723.0
GiaBaoCFT,55.0,36.0,9.0,100.0,1886.0
copexzy,53.0,43.0,4.0,100.0,1865.0
ValeriyPresnyakov,50.0,43.0,7.0,100.0,1683.0
YunShang,55.0,33.0,12.0,100.0,1864.0
BhabinSiak,48.0,51.0,0.0,39.0,2272.0
Mappe_175,71.0,23.0,4.0,63.0,1860.0
GerunGensester,0.0,0.0,100.0,3.0,1709.0
Mountain_ches,44.0,45.0,11.0,100.0,2001.0
vitek_fft,44.0,50.0,6.0,100.0,1405.0
jhordyRobles_unsch,59.0,33.0,7.0,81.0,2251.0
arzu44,53.0,47.0,0.0,100.0,1772.0
RoguE23KnighT,46.0,47.0,7.0,100.0,1562.0
gssalian,56.0,38.0,6.0,100.0,1415.0
youper,48.0,48.0,4.0,100.0,1713.0
iliovsky,61.0,36.0,3.0,100.0,1000.0
knot15,57.0,38.0,4.0,100.0,2157.0
fafni098,33.0,66.0,0.0,45.0,2002.0
aup_tula71,50.0,50.0,0.0,30.0,1883.0
barnaba03,58.0,41.0,0.0,36.0,1140.0
mobile_gamer,45.0,52.0,3.0,100.0,1879.0
Hendrik_Estrada_R,50.0,30.0,20.0,30.0,1867.0
trivia-L,50.0,50.0,0.0,18.0,1576.0
johnRa,33.0,66.0,0.0,54.0,1456.0
paddieflynne,48.0,50.0,2.0,100.0,1894.0
pulziio,53.0,46.0,0.0,39.0,2105.0
czupas,54.0,39.0,7.0,100.0,2060.0
gudubet4,47.0,45.0,8.0,100.0,1783.0
osm_2710tr,56.0,41.0,2.0,100.0,1683.0
Ruben_JS,49.0,48.0,3.0,100.0,2000.0
toljtura,40.0,60.0,0.0,100.0,1574.0
isaBkd,49.0,48.0,3.0,100.0,2208.0
DrShlomo,62.0,35.0,3.0,100.0,1866.0
Hussein66,60.0,39.0,1.0,100.0,1890.0
mtayel778,56.0,39.0,4.0,100.0,1689.0
PGAUPGY,41.0,54.0,5.0,100.0,1935.0
great_black_king,54.0,40.0,6.0,100.0,1875.0
WhatJustice20,51.0,44.0,5.0,100.0,2196.0
hadi1659,40.0,55.0,5.0,100.0,1741.0
Circulito,50.0,45.0,5.0,100.0,1919.0
skelterjohn,48.0,50.0,2.0,100.0,1663.0
EVERMASTER,80.0,20.0,0.0,30.0,2031.0
Akiba82,50.0,49.0,1.0,100.0,1622.0
mondrake06,31.0,66.0,3.0,100.0,1422.0
Diemerforever,65.0,33.0,2.0,100.0,2114.0
Dezonschijntvandaag,80.0,19.0,0.0,78.0,2048.0
TheSuperKastor,52.0,43.0,5.0,100.0,1926.0
nedirtkm,77.0,22.0,0.0,27.0,2378.0
Cypher10,48.0,50.0,2.0,100.0,1871.0
RF6_FIN,46.0,44.0,10.0,100.0,2035.0
fluxrensor,55.0,40.0,5.0,100.0,1365.0
Erik_sharifullin,33.0,66.0,0.0,54.0,1193.0
zemauss,42.0,57.0,0.0,100.0,1299.0
ralf_0602,72.0,26.0,2.0,100.0,2029.0
nitothepawn,45.0,53.0,2.0,100.0,989.0
dorianlinares,30.0,54.0,15.0,99.0,981.0
JMateus,48.0,46.0,6.0,100.0,2361.0
giga22,41.0,58.0,0.0,87.0,1703.0
Elcacique05,40.0,56.0,4.0,100.0,1337.0
Mertvitel,35.0,61.0,4.0,100.0,1447.0
zoro_oni,0.0,100.0,0.0,6.0,755.0
ezzzlily,0.0,100.0,0.0,6.0,925.0
KretoInator3000,58.0,41.0,0.0,51.0,2095.0
anass97400,41.0,56.0,3.0,100.0,1608.0
La3aziz,42.0,51.0,7.0,100.0,2059.0
yosiel85,42.0,53.0,5.0,100.0,2029.0
vazir69,17.0,70.0,11.0,51.0,740.0
iamlightman,51.0,46.0,3.0,100.0,1516.0
reyalbo,49.0,41.0,10.0,100.0,2333.0
Moes26,52.0,33.0,14.0,63.0,2229.0
bja555,40.0,49.0,11.0,100.0,2510.0
dofranck,44.0,49.0,7.0,100.0,2100.0
Gayuna,46.0,51.0,3.0,100.0,1460.0
Kingkhai,50.0,50.0,0.0,100.0,1672.0
PileDarda,47.0,51.0,2.0,100.0,1440.0
Lagbong_chess,43.0,50.0,6.0,48.0,1632.0
Porro666,43.0,54.0,3.0,100.0,1895.0
Mosi08,46.0,53.0,1.0,100.0,1850.0
Galim757,47.0,48.0,5.0,100.0,2153.0
dhaval7876,46.0,49.0,5.0,100.0,1453.0
RNC,40.0,50.0,10.0,100.0,1848.0
nicogri,48.0,51.0,1.0,100.0,1599.0
Chillaxxus,51.0,39.0,10.0,100.0,1956.0
brut11345,47.0,46.0,7.0,100.0,2085.0
chessbursar,45.0,42.0,13.0,100.0,2321.0
maratik89,45.0,52.0,3.0,100.0,1703.0
quiquesan539,48.0,48.0,4.0,100.0,1569.0
Gesse_cvx,48.0,50.0,2.0,100.0,1652.0
oussatireur,47.0,52.0,1.0,100.0,1343.0
bhaveshmurali30,33.0,66.0,0.0,18.0,1194.0
Mnezir72,43.0,51.0,6.0,100.0,1789.0
BalthasarBoma,0.0,100.0,0.0,12.0,1709.0
DonQuixorte,62.0,33.0,3.0,81.0,2025.0
MaartenWie,50.0,50.0,0.0,18.0,1969.0
zaedalrawe,54.0,44.0,2.0,100.0,1663.0
artmsvzh,56.0,36.0,7.0,100.0,1999.0
rodcarv,42.0,54.0,4.0,100.0,1543.0
saimutku,55.0,42.0,3.0,100.0,1665.0
vicente_reboucas,71.0,28.0,0.0,42.0,2090.0
ekLERchik534,40.0,56.0,4.0,100.0,1711.0
aortiz10,39.0,52.0,8.0,69.0,1927.0
simbali,62.0,35.0,3.0,100.0,1996.0
GetOffMyPawn,48.0,48.0,4.0,100.0,1681.0
riyanshadvik,100.0,0.0,0.0,3.0,926.0
Rainman024,52.0,48.0,0.0,100.0,1268.0
Subbuteo76,51.0,43.0,6.0,100.0,907.0
Gkinginthenorth,54.0,42.0,4.0,100.0,2282.0
kigandaharriet,35.0,64.0,0.0,42.0,1837.0
VladimirOrel,25.0,50.0,25.0,12.0,1657.0
Poet66,48.0,52.0,0.0,100.0,1060.0
and_sa,51.0,49.0,0.0,100.0,1522.0
rahulsoni288,45.0,51.0,4.0,100.0,1209.0
Abdulaziz3333333,100.0,0.0,0.0,3.0,1419.0
AlbertCastillo,59.0,37.0,4.0,100.0,2501.0
seriouslyted,53.0,44.0,3.0,100.0,1674.0
EkibaZ,62.0,36.0,2.0,100.0,1777.0
agario01,66.0,22.0,11.0,27.0,2362.0
NoPlanAorBorC,100.0,0.0,0.0,6.0,1332.0
MaterWellon,44.0,54.0,2.0,100.0,1565.0
Demyd_Havrylenko,42.0,57.0,0.0,63.0,1503.0
wanna_be_grandmaster,50.0,25.0,25.0,12.0,1430.0
Moutinhor,49.0,48.0,3.0,100.0,1676.0
Abdullahawwad,46.0,52.0,2.0,100.0,1202.0
YaroslavStark,50.0,45.0,5.0,100.0,1864.0
Maestro52,50.0,47.0,3.0,100.0,2023.0
mohamadd3,55.0,44.0,0.0,27.0,1579.0
Chrobacik,46.0,46.0,8.0,100.0,1829.0
Mostafa2007Ashrf,49.0,45.0,6.0,100.0,1305.0
bosh1,44.0,53.0,3.0,100.0,1167.0
Aleksij,36.0,59.0,5.0,100.0,1338.0
grammont,53.0,45.0,2.0,100.0,1539.0
Demiz17,49.0,46.0,5.0,100.0,1516.0
YaroslavTsypkin,54.0,45.0,0.0,33.0,1621.0
Kobardy,55.0,42.0,3.0,100.0,2306.0
lucianobonfico,66.0,33.0,0.0,45.0,2126.0
t-chesss,60.0,37.0,3.0,100.0,1500.0
VierDrittelPiRhoch3,44.0,49.0,7.0,100.0,1894.0
RedDevil89,50.0,43.0,7.0,100.0,1438.0
PankajKshirsagar,0.0,100.0,0.0,3.0,1808.0
Idontwannathink,45.0,51.0,4.0,100.0,1743.0
lorris6776,41.0,57.0,1.0,100.0,1489.0
Eveladelo,48.0,48.0,4.0,100.0,1347.0
korosh-1395,45.0,51.0,3.0,82.0,1927.0
Dianos47,50.0,45.0,5.0,100.0,1256.0
patrickw3,46.0,45.0,9.0,100.0,2324.0
dors,49.0,46.0,5.0,100.0,2280.0
Roman_Berezin_Karp,0.0,100.0,0.0,24.0,1598.0
Schachmatica,41.0,51.0,8.0,100.0,1381.0
imodoudou,53.0,43.0,4.0,100.0,1809.0
barv,52.0,47.0,1.0,100.0,1194.0
M3chi,34.0,61.0,3.0,78.0,1271.0
Fox220461,44.0,48.0,8.0,100.0,1671.0
erogluerdogan,50.0,44.0,6.0,100.0,1295.0
Titov_SF,51.0,38.0,11.0,100.0,2034.0
Stalemate_champ,55.0,44.0,1.0,100.0,1696.0
aebesa,41.0,55.0,4.0,100.0,1638.0
michelseret,43.0,49.0,8.0,100.0,1872.0
RuslanTatlok,54.0,45.0,1.0,100.0,1075.0
xIrI,53.0,44.0,3.0,100.0,2100.0
donaldskie019,55.0,45.0,0.0,100.0,1636.0
FleshEaterr,77.0,22.0,0.0,27.0,1602.0
pratham76,51.0,45.0,4.0,100.0,1261.0
Deadinjun,36.0,63.0,0.0,90.0,1598.0
Kamaljan,54.0,43.0,3.0,100.0,1500.0
chieater00000007,66.0,16.0,16.0,18.0,2584.0
Anriudh,56.0,40.0,3.0,90.0,2217.0
shadowbeanistrash,0.0,100.0,0.0,1.0,1500.0
TheFasterWarrior,54.0,45.0,0.0,33.0,1980.0
salsabilakoi,52.0,44.0,4.0,100.0,1823.0
plhriata,56.0,40.0,3.0,100.0,1836.0
kolyvan78,26.0,65.0,8.0,69.0,1467.0
drsnglu,73.0,24.0,3.0,100.0,2102.0
vicky2003,52.0,46.0,2.0,100.0,1673.0
TopoNegro,64.0,25.0,11.0,100.0,2389.0
Kratos_B05,57.0,28.0,14.0,21.0,1212.0
David10752,50.0,44.0,6.0,100.0,2076.0
MaximKlee,22.0,64.0,14.0,100.0,1366.0
LeiZ123321,63.0,31.0,4.0,66.0,2222.0
Lewwiy,49.0,45.0,6.0,100.0,1556.0
pavest,48.0,41.0,10.0,87.0,1650.0
Preludio2,42.0,54.0,4.0,100.0,1306.0
carloo_3,100.0,0.0,0.0,3.0,1409.0
ghasemj75,52.0,47.0,1.0,100.0,1969.0
eyalsenthamizh,51.0,40.0,9.0,100.0,887.0
Sugandidilhani,20.0,80.0,0.0,15.0,1271.0
matsn,48.0,43.0,9.0,100.0,1824.0
checkengineX,47.0,44.0,9.0,100.0,1669.0
elregresodelaestaka,44.0,38.0,18.0,100.0,2504.0
cotemallorca,39.0,57.0,3.0,100.0,1276.0
GlaR10,70.0,30.0,0.0,30.0,1323.0
Iamnoob1235,45.0,51.0,4.0,100.0,1826.0
LBSchmidt,63.0,35.0,2.0,100.0,1912.0
Omachi,54.0,41.0,5.0,100.0,2245.0
aserge,39.0,60.0,1.0,100.0,1285.0
mustopa_qamal,42.0,53.0,5.0,100.0,1632.0
ivan124,53.0,34.0,13.0,100.0,2806.0
smalldogsyndrome,53.0,46.0,1.0,100.0,1840.0
fun7,56.0,44.0,0.0,75.0,1458.0
pianistamichal,54.0,44.0,2.0,100.0,1480.0
ravijalindra,55.0,41.0,4.0,100.0,1671.0
Pet123456,100.0,0.0,0.0,3.0,1176.0
Agost21,56.0,41.0,3.0,100.0,1839.0
Geehard2beat,50.0,48.0,2.0,100.0,1423.0
loftsy,52.0,47.0,1.0,100.0,1581.0
JOMARVILLA,62.0,25.0,12.0,24.0,2086.0
VasiliiGoryaev,55.0,38.0,7.0,100.0,1229.0
dulmeth-sensitha,63.0,26.0,10.0,57.0,1565.0
l_g_st,59.0,35.0,6.0,100.0,1931.0
Ulua,48.0,48.0,4.0,100.0,918.0
I_tachi_Uchiha99909,66.0,28.0,5.0,89.0,2234.0
denizperhan,50.0,50.0,0.0,18.0,1847.0
JayiniAdityaRam2006,46.0,46.0,7.0,39.0,2031.0
audreycadence,49.0,40.0,10.0,55.0,1337.0
setroc88,48.0,51.0,1.0,100.0,1416.0
The_Chess_Doctor,54.0,40.0,6.0,100.0,1781.0
Abidkakar,27.0,70.0,3.0,100.0,1146.0
gujjarempire,19.0,78.0,3.0,100.0,1135.0
PANKAJ0401,0.0,100.0,0.0,6.0,950.0
subhamraj007,51.0,46.0,3.0,100.0,1842.0
PeterQueally,37.0,62.0,0.0,24.0,1584.0
VladDenis6,35.0,56.0,9.0,100.0,1675.0
ByMrIZCI,43.0,48.0,9.0,100.0,1395.0
Eddy1988,52.0,45.0,3.0,100.0,1991.0
pawnsacrifice27,45.0,50.0,5.0,100.0,2091.0
Academiafc,59.0,34.0,7.0,100.0,2473.0
sultan0609,13.0,86.0,0.0,23.0,1500.0
K_I_N_G_GHOST,43.0,50.0,7.0,100.0,1737.0
py1965,0.0,100.0,0.0,3.0,1351.0
MatthewBillington00,41.0,48.0,10.0,87.0,1812.0
Arian_Eydisani,25.0,75.0,0.0,12.0,807.0
GuDron33,70.0,23.0,5.0,51.0,1848.0
Marsicanac,39.0,48.0,13.0,100.0,2128.0
Emilbelchev111,48.0,48.0,4.0,100.0,2044.0
Springer1977,44.0,51.0,3.0,81.0,1593.0
kanghalil,57.0,42.0,0.0,100.0,1763.0
DanielSantosB,68.0,20.0,12.0,75.0,1939.0
Edge140189,47.0,48.0,5.0,100.0,1834.0
Kaonki,48.0,46.0,6.0,100.0,1737.0
korard,48.0,50.0,2.0,100.0,1633.0
aagim,49.0,43.0,8.0,100.0,2020.0
daveydog2442,49.0,44.0,7.0,100.0,1706.0
toto131,48.0,48.0,4.0,100.0,1925.0
yung_gualav2,54.0,43.0,3.0,100.0,2288.0
JoJoDurden,45.0,50.0,5.0,100.0,2039.0
VonMallinckrodt,53.0,39.0,8.0,100.0,1950.0
mrmobba,47.0,49.0,4.0,100.0,1834.0
JJBaker,0.0,100.0,0.0,3.0,1497.0
ManuHuelva,48.0,51.0,1.0,100.0,1511.0
zhjv,0.0,100.0,0.0,6.0,1376.0
wantondudy,46.0,46.0,8.0,100.0,2013.0
PirateWorkerJr,53.0,45.0,2.0,100.0,1031.0
ArthurLopez009,59.0,39.0,2.0,100.0,1950.0
olivier_roset,34.0,59.0,7.0,100.0,2006.0
aghilta,46.0,49.0,5.0,100.0,1732.0
ismaildrsn,48.0,49.0,3.0,100.0,1477.0
juliokidmate,41.0,56.0,3.0,100.0,1879.0
Snowsoldier,45.0,50.0,5.0,100.0,1247.0
maruti1986,100.0,0.0,0.0,6.0,1970.0
luig7i7,43.0,56.0,1.0,100.0,1927.0
fs2020rk,0.0,100.0,0.0,3.0,1667.0
Edgon19,44.0,55.0,0.0,27.0,1968.0
Merlin23,49.0,42.0,9.0,100.0,2180.0
TheChessAssassin,47.0,46.0,7.0,100.0,2038.0
pdsn2007,55.0,40.0,5.0,100.0,1652.0
CauteS,68.0,25.0,7.0,100.0,1960.0
sheenaa,52.0,42.0,6.0,100.0,1344.0
ehsanstr,42.0,55.0,3.0,100.0,1684.0
FolN,50.0,46.0,4.0,100.0,1823.0
NBondar,51.0,47.0,2.0,100.0,1680.0
arcadian,53.0,46.0,0.0,39.0,1278.0
CapichessGM,44.0,43.0,13.0,100.0,2213.0
Hlonphy02mayusi,42.0,55.0,3.0,100.0,1640.0
Razdka,44.0,50.0,6.0,100.0,2048.0
Aditya4235,50.0,50.0,0.0,12.0,1483.0
Fayzbek4444,52.0,47.0,0.0,19.0,1361.0
zlatan83,55.0,42.0,3.0,100.0,2355.0
Bobzy,53.0,44.0,3.0,100.0,2038.0
pdeligiannis,42.0,52.0,6.0,100.0,1559.0
yushun,73.0,26.0,0.0,34.0,1968.0
pvera9,11.0,73.0,16.0,100.0,1412.0
shobhit1705,41.0,54.0,4.0,96.0,755.0
yuf4,54.0,39.0,7.0,100.0,1601.0
RAA74,44.0,54.0,2.0,100.0,1833.0
Nadersamy,56.0,34.0,10.0,100.0,2032.0
Yoooyoo,80.0,20.0,0.0,15.0,1499.0
EduardoQuinto357,61.0,31.0,8.0,100.0,2028.0
lbrett3,52.0,40.0,8.0,100.0,1817.0
jamalq19,0.0,100.0,0.0,6.0,1792.0
esbeniki,100.0,0.0,0.0,3.0,1916.0
jkfireon1,41.0,56.0,3.0,100.0,1555.0
phenol0,61.0,38.0,0.0,54.0,1620.0
xpe6a,33.0,50.0,16.0,18.0,1598.0
Peaceplay,46.0,50.0,4.0,100.0,2133.0
sapa27,47.0,48.0,5.0,100.0,1487.0
MuazAlagib,54.0,40.0,6.0,100.0,1968.0
Jiglasjohn1,51.0,42.0,7.0,100.0,1853.0
kopol7,46.0,49.0,5.0,100.0,1827.0
tough-guy,53.0,37.0,10.0,100.0,2516.0
rogue_one,48.0,50.0,2.0,100.0,1769.0
Robbade,43.0,50.0,6.0,16.0,1955.0
Mainrival,44.0,48.0,8.0,100.0,2709.0
atom0_o,41.0,53.0,6.0,100.0,1452.0
osamataya,48.0,50.0,2.0,100.0,1439.0
ashraftushar,50.0,50.0,0.0,6.0,1558.0
Shamalov,49.0,41.0,10.0,100.0,1703.0
m1st4ke,40.0,57.0,2.0,100.0,1807.0
TadMod,55.0,33.0,11.0,27.0,1537.0
Ron1738,53.0,46.0,1.0,100.0,1656.0
isolatedpawn12,64.0,31.0,5.0,100.0,1869.0
mofak1970,53.0,43.0,4.0,100.0,1935.0
Chima24,43.0,56.0,1.0,100.0,1527.0
Wisefer,44.0,51.0,5.0,100.0,1394.0
OrionBow,54.0,45.0,1.0,100.0,1324.0
matrilier77,47.0,49.0,4.0,100.0,1605.0
Letuchiy_gollandets,51.0,45.0,3.0,99.0,2136.0
pvzelyyds,44.0,53.0,3.0,100.0,1366.0
Mohammad-Javad,64.0,36.0,0.0,100.0,1933.0
erikkazakh,42.0,56.0,2.0,100.0,1579.0
Napalm10,45.0,50.0,5.0,100.0,1851.0
Dobrolis,53.0,41.0,6.0,100.0,1906.0
Aarava270312,28.0,64.0,8.0,25.0,934.0
AAAndromedAAA,54.0,42.0,4.0,100.0,1407.0
Karasj,46.0,53.0,1.0,100.0,1710.0
TonySopranoJr,100.0,0.0,0.0,3.0,2024.0
Coachplayer,51.0,49.0,0.0,100.0,2169.0
armine,51.0,43.0,6.0,100.0,2369.0
otmorozoc,0.0,100.0,0.0,3.0,1661.0
ali_ahl,55.0,39.0,6.0,100.0,1814.0
Jaccos,49.0,49.0,2.0,100.0,1885.0
Roman_Yanchenko,81.0,16.0,3.0,100.0,2762.0
euctvx78,55.0,44.0,0.0,81.0,1277.0
Arrocco_Siffredi95,46.0,52.0,2.0,100.0,1776.0
Trixie1822,50.0,40.0,10.0,30.0,1604.0
Futbolist789,64.0,32.0,4.0,100.0,2117.0
SubZero666,0.0,100.0,0.0,3.0,2038.0
bruceluis,43.0,55.0,2.0,100.0,1784.0
YGinanjar_Majalengka,66.0,30.0,4.0,100.0,2326.0
RomainLtllr,45.0,49.0,6.0,100.0,1451.0
lashakovziridze,83.0,16.0,0.0,18.0,1742.0
Diamond140,42.0,57.0,0.0,99.0,1377.0
win4ever,50.0,46.0,4.0,100.0,1421.0
marashl,48.0,51.0,1.0,100.0,1506.0
graylloyd1,48.0,50.0,2.0,100.0,1912.0
nioydaidneh,50.0,41.0,9.0,100.0,1461.0
elida7,48.0,50.0,2.0,100.0,2244.0
MayBeSoon12,42.0,52.0,5.0,57.0,1813.0
Happle,42.0,56.0,2.0,100.0,1875.0
prezesvan,37.0,55.0,6.0,87.0,1906.0
alpaem,53.0,43.0,4.0,100.0,1821.0
FatGreedyCat,66.0,0.0,33.0,9.0,2302.0
ikizlerdenahmet17,0.0,16.0,83.0,12.0,1500.0
bdms,0.0,0.0,100.0,3.0,2278.0
Sekkkkyyy,41.0,51.0,8.0,100.0,1241.0
Petgies,52.0,45.0,3.0,100.0,1734.0
JoseAntonioGuzman,52.0,46.0,2.0,100.0,1336.0
Lev_2008,65.0,34.0,0.0,87.0,1688.0
E4Erik,53.0,46.0,1.0,100.0,2008.0
fdfhdf,51.0,42.0,7.0,100.0,1736.0
Kahriienes,40.0,60.0,0.0,100.0,1430.0
llorensdt,47.0,48.0,5.0,100.0,1587.0
jotawatt,25.0,72.0,3.0,100.0,1550.0
ZKJEW,25.0,75.0,0.0,24.0,1225.0
Iver_PRO,49.0,41.0,10.0,100.0,1690.0
fs_Ahmed,46.0,52.0,2.0,100.0,1472.0
Alexprofesional,53.0,39.0,8.0,100.0,2639.0
Paullost,55.0,43.0,2.0,100.0,2046.0
Hirus2002,33.0,66.0,0.0,18.0,1332.0
PsychoRogue,36.0,42.0,21.0,57.0,1630.0
craisins,100.0,0.0,0.0,3.0,2734.0
The_Nuclear_Weapon,59.0,26.0,15.0,100.0,2292.0
aggressivebicycle2,52.0,44.0,4.0,100.0,2219.0
xari80plus,52.0,45.0,3.0,100.0,794.0
Stepanki,53.0,45.0,2.0,100.0,1968.0
doddelvollmann,47.0,48.0,5.0,100.0,2009.0
spajdermen3,55.0,36.0,7.0,52.0,1760.0
Bisandi2017,33.0,59.0,7.0,81.0,861.0
lokario78,28.0,68.0,3.0,100.0,1603.0
The_Mandalorian_7,55.0,31.0,14.0,100.0,1832.0
Isira_05,55.0,44.0,1.0,100.0,1426.0
Kurosama35,52.0,38.0,10.0,100.0,2184.0
GoldName,51.0,46.0,3.0,100.0,1753.0
tamirciata,41.0,56.0,2.0,100.0,2221.0
OvaN123,34.0,64.0,2.0,100.0,1395.0
rostyslav1987,57.0,36.0,5.0,57.0,1549.0
EytanSchwab,29.0,66.0,3.0,81.0,1027.0
ashish_chaturvedi,57.0,28.0,14.0,42.0,2234.0
gaby1002,50.0,45.0,5.0,100.0,1969.0
George_Trukhmanov,52.0,44.0,4.0,100.0,1461.0
stankonjevic21,100.0,0.0,0.0,3.0,1503.0
Vitaliy8,61.0,39.0,0.0,100.0,2007.0
HairyCoo,53.0,44.0,3.0,100.0,1755.0
nebulo89,80.0,20.0,0.0,30.0,2451.0
ankushbathla,44.0,52.0,4.0,100.0,1647.0
aleksandrabud5,47.0,46.0,7.0,100.0,1170.0
mortezaQChess,48.0,52.0,0.0,100.0,1131.0
contago,53.0,40.0,6.0,45.0,2020.0
balasta84,47.0,49.0,4.0,100.0,1835.0
drale64,45.0,45.0,10.0,100.0,1879.0
aleijin,53.0,45.0,2.0,100.0,1868.0
tri2k8,50.0,46.0,4.0,100.0,1891.0
Yuot,52.0,42.0,6.0,100.0,1975.0
cz_cod,44.0,46.0,10.0,100.0,1943.0
jerjesII,52.0,41.0,7.0,100.0,2000.0
btahtabas,44.0,44.0,11.0,27.0,795.0
Chafundifornio,48.0,44.0,8.0,100.0,1847.0
Hermann12,37.0,60.0,3.0,100.0,1556.0
Solvingpuzzle23,51.0,45.0,4.0,100.0,1784.0
openingsmatter621616,75.0,12.0,12.0,24.0,1975.0
JesusDavid2023,41.0,53.0,6.0,100.0,1848.0
Pray4Deth,42.0,53.0,5.0,100.0,1858.0
goodm0ney,50.0,48.0,2.0,100.0,1345.0
ModernSisyphus,56.0,37.0,6.0,100.0,1064.0
fossefoss,66.0,33.0,0.0,27.0,1950.0
rudolfmartin1950,48.0,49.0,3.0,100.0,1913.0
Henristoteles,37.0,63.0,0.0,100.0,1153.0
Sharad01,47.0,48.0,5.0,100.0,1202.0
Kiapiano,44.0,52.0,4.0,100.0,1607.0
JensHerrmann,48.0,44.0,8.0,100.0,2302.0
Springerschach70,49.0,45.0,6.0,100.0,1824.0
wolfof9sovetskaya,44.0,52.0,4.0,100.0,1066.0
yusuf_3883,50.0,50.0,0.0,30.0,1784.0
Womblor,44.0,48.0,8.0,100.0,2076.0
shermanator65,51.0,49.0,0.0,100.0,1048.0
Oleksandr1,45.0,48.0,7.0,100.0,1864.0
JoshuaWoodward,50.0,50.0,0.0,6.0,1152.0
Pelanos,0.0,100.0,0.0,6.0,851.0
miich666,56.0,40.0,3.0,100.0,1270.0
AhmedGamal71,54.0,42.0,4.0,100.0,1785.0
Harum_Scarum,48.0,50.0,2.0,100.0,1859.0
Jobaboun,41.0,57.0,1.0,100.0,1169.0
darkcurrywurst,47.0,46.0,7.0,100.0,1721.0
ahmedwinde,25.0,75.0,0.0,4.0,1208.0
masterabe,48.0,48.0,4.0,100.0,1723.0
Solounavictoria,47.0,41.0,12.0,100.0,2126.0
ovolaikl,52.0,41.0,7.0,100.0,1754.0
markopk,41.0,58.0,0.0,72.0,1488.0
ofek31,30.0,61.0,7.0,39.0,1400.0
descvoery,38.0,61.0,0.0,54.0,1560.0
Dema20,46.0,42.0,12.0,100.0,1556.0
B1rzhan31,36.0,60.0,4.0,75.0,1180.0
GERAV,46.0,52.0,2.0,100.0,2075.0
Writergirl,45.0,55.0,0.0,60.0,1549.0
blacktower07,45.0,50.0,5.0,100.0,1824.0
Hetman_Leon,0.0,100.0,0.0,3.0,1331.0
boneash,55.0,43.0,2.0,100.0,1177.0
Schacher100,62.0,34.0,3.0,87.0,2329.0
friedrichvonfehn13,54.0,45.0,1.0,100.0,1968.0
Prg4,48.0,38.0,14.0,100.0,1142.0
Timonkey,36.0,59.0,5.0,100.0,2012.0
Tantan7547,54.0,43.0,3.0,100.0,1509.0
tom_Brok,86.0,11.0,3.0,100.0,2234.0
Rerys,61.0,33.0,5.0,54.0,2194.0
FlyingChupacabra,67.0,28.0,4.0,100.0,2259.0
haidangcva,56.0,43.0,0.0,16.0,1273.0
DwarfHistorian,100.0,0.0,0.0,3.0,1367.0
isaazzx,57.0,39.0,3.0,100.0,1865.0
Comandante4,39.0,54.0,7.0,100.0,1885.0
ChessMasterKG,44.0,53.0,3.0,100.0,1998.0
LAArewa,45.0,49.0,6.0,100.0,1689.0
vladlempaleur,43.0,53.0,4.0,100.0,1547.0
AlexxxSilva,47.0,43.0,10.0,100.0,1593.0
Yusuf_6,47.0,52.0,1.0,100.0,1467.0
Udo_Stuttgart,42.0,50.0,8.0,100.0,1967.0
Warbird66,61.0,34.0,3.0,78.0,2414.0
ChehduYin,42.0,57.0,0.0,21.0,1524.0
Beli123,34.0,62.0,4.0,100.0,2035.0
DonKaban,50.0,48.0,2.0,100.0,1628.0
bobbysatpuli,0.0,100.0,0.0,3.0,1597.0
MrZdrunt,100.0,0.0,0.0,6.0,1622.0
Chessfan4578,42.0,52.0,6.0,100.0,1723.0
ElliB,38.0,60.0,2.0,100.0,2083.0
galo_7_15,52.0,46.0,2.0,100.0,1858.0
Laamargagargara,51.0,45.0,3.0,94.0,1938.0
alfados,42.0,57.0,0.0,63.0,1259.0
BazilCo,35.0,60.0,5.0,100.0,1348.0
Ferdinand0501,44.0,53.0,3.0,100.0,2109.0
roadtofm2026,60.0,33.0,6.0,45.0,2409.0
MohamedMostafaIsmail,52.0,46.0,2.0,100.0,2114.0
engine_400,48.0,51.0,1.0,100.0,1884.0
Swanse,20.0,80.0,0.0,30.0,770.0
BRoWn_kOKoNUtS,49.0,44.0,7.0,100.0,1566.0
akimdat,0.0,100.0,0.0,3.0,1824.0
jumentol,33.0,55.0,11.0,9.0,1170.0
fishmonki,50.0,50.0,0.0,18.0,1680.0
pupfrizzy,42.0,56.0,2.0,100.0,1921.0
CYtang,45.0,50.0,5.0,100.0,1005.0
LevMaestro13_23,47.0,48.0,5.0,100.0,1904.0
Cronann,45.0,49.0,6.0,100.0,930.0
Scrooge420,60.0,34.0,6.0,100.0,1811.0
aftabmengal,100.0,0.0,0.0,6.0,2079.0
mehdi1357entezari,48.0,47.0,5.0,100.0,1769.0
MTBX86,80.0,20.0,0.0,30.0,1583.0
dreliarz,61.0,38.0,1.0,100.0,1822.0
PeaoCravado,46.0,51.0,3.0,100.0,1837.0
edjoe7,48.0,45.0,7.0,100.0,1561.0
ZhuzfaoiZ,54.0,39.0,7.0,100.0,2061.0
Liagarcia,55.0,44.0,1.0,100.0,1917.0
Bonx05,46.0,49.0,5.0,100.0,1938.0
prokupac,49.0,50.0,1.0,100.0,2228.0
Drabaden,25.0,75.0,0.0,12.0,1241.0
ZEITNOT0,36.0,53.0,11.0,100.0,2224.0
Puzz_maristan,41.0,53.0,6.0,100.0,1609.0
goodfoxer,36.0,63.0,0.0,66.0,1888.0
omarmal,46.0,50.0,4.0,100.0,1844.0
wodincher,0.0,100.0,0.0,3.0,1983.0
saddLauryn,0.0,66.0,33.0,3.0,1228.0
kingfight11,49.0,45.0,6.0,100.0,1894.0
dvdlpg,52.0,46.0,2.0,100.0,1412.0
Kavkaz_95,44.0,53.0,3.0,100.0,1708.0
Inlgnt_Queen,71.0,23.0,4.0,63.0,2005.0
Simon_195,49.0,45.0,6.0,100.0,2044.0
paquetuveaslo,59.0,38.0,3.0,100.0,2307.0
stolbient,46.0,45.0,9.0,100.0,1172.0
Ma1rk,37.0,62.0,1.0,100.0,1285.0
Pop_mimo,49.0,51.0,0.0,100.0,1608.0
LegoYury,28.0,71.0,0.0,21.0,1509.0
yo95,60.0,40.0,0.0,15.0,2005.0
kais_malla00,54.0,43.0,3.0,100.0,1245.0
Ndokina07,47.0,50.0,3.0,100.0,929.0
Rinvoq,46.0,53.0,0.0,96.0,1939.0
trunghieuyt,0.0,100.0,0.0,12.0,1192.0
josemoli01,24.0,73.0,3.0,100.0,1734.0
IamKes,33.0,58.0,8.0,72.0,1991.0
speedring_2800,62.0,25.0,12.0,24.0,
gerarnyst,33.0,63.0,3.0,33.0,1236.0
misterdumbo,45.0,48.0,7.0,100.0,1666.0
bortstikk,46.0,53.0,1.0,100.0,1558.0
Minara2009,50.0,50.0,0.0,18.0,1795.0
enchochoyt,33.0,66.0,0.0,18.0,1109.0
Patrick037,50.0,45.0,5.0,100.0,1538.0
saidlimi,46.0,45.0,9.0,100.0,1835.0
Noob_Saibot_2024,40.0,54.0,6.0,100.0,1670.0
Fisher19,49.0,47.0,4.0,100.0,1197.0
jihoon65,25.0,75.0,0.0,4.0,1313.0
winnerhamed,47.0,47.0,6.0,100.0,1583.0
SlmBneDoruk31,42.0,57.0,0.0,21.0,1799.0
Alfianadi,50.0,42.0,8.0,100.0,1893.0
e4_c5_Resign,45.0,51.0,4.0,100.0,1902.0
Lysinyatko,69.0,31.0,0.0,100.0,1720.0
Quidityk,38.0,51.0,9.0,93.0,1654.0
motzarcik,44.0,54.0,2.0,100.0,1750.0
Faoul-la-feinte,43.0,51.0,6.0,100.0,1165.0
name11235,46.0,50.0,4.0,100.0,1600.0
o-so-so,100.0,0.0,0.0,3.0,1993.0
be4stm0de1,43.0,54.0,3.0,100.0,989.0
Autumn32,65.0,30.0,5.0,60.0,1839.0
GORArm2016,0.0,80.0,20.0,45.0,1583.0
Kendragones23,61.0,38.0,0.0,63.0,1985.0
Isac_Moreira,0.0,100.0,0.0,3.0,1224.0
itsjustmet,100.0,0.0,0.0,6.0,1486.0
qwerty25098,41.0,53.0,6.0,100.0,1429.0
chess21411510,0.0,100.0,0.0,6.0,2353.0
zincate,55.0,44.0,0.0,54.0,1400.0
Nekowan,0.0,100.0,0.0,6.0,893.0
GueldnesHaar,40.0,54.0,6.0,100.0,1494.0
edglo,40.0,59.0,0.0,81.0,1609.0
asad_nabardi,52.0,46.0,2.0,100.0,1514.0
GodsSign,56.0,37.0,6.0,100.0,2037.0
snrulu,59.0,39.0,2.0,100.0,1522.0
abdalameen310,43.0,55.0,2.0,100.0,1792.0
hugol_atv7,45.0,50.0,5.0,100.0,1591.0
meqme,52.0,45.0,3.0,100.0,2125.0
rajjan,38.0,56.0,6.0,100.0,2026.0
guitarman1,38.0,61.0,0.0,63.0,1274.0
kqnqryq,77.0,16.0,5.0,54.0,1758.0
wolfbandyk,69.0,28.0,2.0,46.0,1936.0
PenryVIII,45.0,53.0,2.0,100.0,2131.0
sebastianlieby,56.0,43.0,0.0,48.0,2097.0
a_tompio,56.0,43.0,0.0,100.0,1489.0
ImCMB,44.0,55.0,0.0,27.0,2211.0
atoll53,41.0,56.0,2.0,100.0,1588.0
mansuruddin,43.0,54.0,3.0,100.0,971.0
ViktorStoyanov,50.0,40.0,10.0,100.0,2481.0
deadlybutterfly,51.0,47.0,2.0,100.0,1235.0
gvntr,52.0,45.0,3.0,100.0,1633.0
Rohman_pgsd,38.0,60.0,2.0,100.0,1369.0
jpcremer,50.0,33.0,17.0,100.0,2530.0
coopercruz,47.0,48.0,5.0,100.0,1877.0
Nacpasha,57.0,42.0,0.0,21.0,1794.0
Oteote_Chess,52.0,42.0,6.0,100.0,1962.0
dangvanhiep2811,47.0,48.0,5.0,100.0,1367.0
Freedom787,56.0,35.0,9.0,100.0,2274.0
brettwasbtd,26.0,67.0,7.0,100.0,1541.0
blind_I_am,65.0,26.0,8.0,69.0,2211.0
avenk86,48.0,51.0,1.0,100.0,1894.0
BOTKarjakin,42.0,51.0,7.0,100.0,2021.0
Turbo_Propellor,100.0,0.0,0.0,6.0,2053.0
Sarelm2,47.0,52.0,0.0,63.0,1151.0
MATRAKISBACK,31.0,64.0,5.0,100.0,1419.0
PetyBaelish22,52.0,41.0,7.0,100.0,1644.0
Super-Magnus,46.0,47.0,7.0,100.0,2132.0
davl135792468,33.0,52.0,14.0,21.0,939.0
aptera,46.0,49.0,5.0,100.0,2185.0
varadisgr8,45.0,54.0,0.0,33.0,1581.0
DonNMD001,0.0,100.0,0.0,3.0,2069.0
bob4445,50.0,40.0,9.0,66.0,2153.0
Sunez,45.0,51.0,4.0,100.0,1663.0
K3huk,53.0,45.0,2.0,100.0,1659.0
Sanul-P1C,33.0,60.0,7.0,100.0,956.0
Gutovysk,45.0,52.0,3.0,100.0,1726.0
ianlasker,53.0,42.0,5.0,100.0,2133.0
Rojo34,45.0,52.0,3.0,100.0,1737.0
DSH_LIV,50.0,43.0,7.0,100.0,1169.0
Granbird,54.0,42.0,4.0,100.0,1558.0
Shilin_S,43.0,43.0,14.0,100.0,1972.0
Rodiosha,26.0,71.0,3.0,100.0,815.0
QNIVugiabao2010,54.0,40.0,6.0,100.0,2517.0
tkabassov,41.0,56.0,2.0,100.0,1707.0
khaledgomah,40.0,56.0,4.0,100.0,1847.0
snozr,0.0,100.0,0.0,3.0,1486.0
urhead,41.0,54.0,5.0,100.0,1579.0
Danielschmidt,50.0,43.0,7.0,100.0,1805.0
space_2014,51.0,47.0,2.0,100.0,1837.0
SrMatamales,59.0,35.0,6.0,100.0,2469.0
wandamanda,42.0,54.0,4.0,100.0,1921.0
onursahinos,48.0,47.0,5.0,100.0,1590.0
brocktane,45.0,47.0,8.0,100.0,1756.0
Sergknife,43.0,53.0,4.0,100.0,1393.0
Epeasssskop,47.0,45.0,8.0,100.0,1932.0
Ash20000,50.0,48.0,2.0,100.0,1475.0
cArNeVaLo45,25.0,75.0,0.0,12.0,1577.0
Rolex_Spidey,38.0,50.0,11.0,54.0,1989.0
jfinix,30.0,60.0,10.0,30.0,1251.0
damilola-king,55.0,45.0,0.0,100.0,1873.0
sagitariio,61.0,30.0,7.0,39.0,2271.0
Pranav001,0.0,100.0,0.0,15.0,1068.0
almondeyed,54.0,40.0,6.0,100.0,1926.0
akramarbi,40.0,60.0,0.0,15.0,1035.0
Julien2024,37.0,63.0,0.0,100.0,1521.0
Rad__7,54.0,44.0,2.0,100.0,1850.0
PawelGromadzki,25.0,75.0,0.0,12.0,1534.0
Das_Q,43.0,53.0,4.0,100.0,1947.0
vinicius_sass,100.0,0.0,0.0,9.0,1499.0
Boyd_BC,51.0,46.0,3.0,100.0,1639.0
rafaeldp899,27.0,72.0,0.0,54.0,1709.0
jegspillersskak,51.0,42.0,5.0,52.0,2019.0
HossamIO,52.0,47.0,1.0,100.0,1705.0
FaultierB,38.0,56.0,5.0,100.0,1238.0
Sebfrance,60.0,40.0,0.0,15.0,1731.0
khanevali,48.0,46.0,6.0,100.0,1383.0
Night-Fury96,40.0,60.0,0.0,15.0,1746.0
Adriano_Araxa,45.0,48.0,7.0,100.0,1779.0
kkrittsar,54.0,43.0,3.0,100.0,1370.0
Lechuck10,16.0,83.0,0.0,18.0,1999.0
montsegur64,52.0,45.0,3.0,100.0,1797.0
Nero_Maximillian,55.0,45.0,0.0,100.0,1586.0
MichaelPlaysChess,49.0,48.0,3.0,100.0,1629.0
colebn,75.0,25.0,0.0,12.0,1073.0
ib240,45.0,47.0,8.0,100.0,1925.0
theveritasofrankia,44.0,45.0,11.0,100.0,1757.0
E-2011EGE,35.0,58.0,5.0,51.0,2028.0
Esmaeel_Fathi,46.0,50.0,4.0,100.0,1847.0
barongan,41.0,56.0,3.0,100.0,1557.0
Arianna1975,21.0,75.0,4.0,100.0,1325.0
rothsenbautista,56.0,40.0,3.0,100.0,2293.0
trex-09,30.0,65.0,4.0,69.0,1443.0
kianoosh1,0.0,100.0,0.0,3.0,1602.0
minhkhadh444,46.0,48.0,6.0,100.0,2066.0
zahar843,44.0,42.0,14.0,100.0,1378.0
thisishrithikpan,39.0,56.0,5.0,100.0,1756.0
crod11,43.0,51.0,6.0,100.0,1412.0
daniele122,40.0,60.0,0.0,100.0,1582.0
LorisLoris,47.0,49.0,4.0,100.0,1274.0
Knightstar7,43.0,47.0,10.0,100.0,1523.0
AndreyKashinPerm,60.0,33.0,7.0,100.0,2250.0
neleddy2001,60.0,40.0,0.0,15.0,1811.0
MadMerkel,53.0,41.0,6.0,100.0,2426.0
luis_munos_caq,49.0,48.0,3.0,100.0,2039.0
the_maurish,75.0,25.0,0.0,24.0,1892.0
Zamen4,44.0,44.0,12.0,75.0,1743.0
MaxMad23,54.0,45.0,1.0,100.0,1602.0
erorus,52.0,37.0,11.0,100.0,2134.0
Takesh13,45.0,48.0,7.0,100.0,1676.0
Phoye,50.0,46.0,4.0,100.0,1919.0
tretalex,62.0,35.0,3.0,100.0,2043.0
SzachyBezWiadra,45.0,50.0,5.0,100.0,1495.0
parhamalinezhad1395,45.0,55.0,0.0,100.0,1689.0
consoljke,48.0,51.0,1.0,100.0,1689.0
Janette_Fuatai,47.0,50.0,3.0,100.0,1985.0
mtr63,46.0,45.0,9.0,100.0,1832.0
alexletyrex,44.0,53.0,3.0,100.0,2112.0
Anoopindian,25.0,62.0,12.0,24.0,777.0
bandusa,47.0,35.0,18.0,100.0,2373.0
GURUCHARANGRANDMAS,60.0,39.0,0.0,84.0,1531.0
betawave,0.0,100.0,0.0,3.0,1938.0
Judcaicedova,42.0,56.0,1.0,100.0,1710.0
FabeR08,0.0,100.0,0.0,6.0,1151.0
The_pro460,24.0,69.0,6.0,33.0,1040.0
keshavsinha,55.0,44.0,0.0,81.0,2003.0
BlunderQueen17,48.0,51.0,0.0,81.0,1164.0
RichardAlbino,38.0,60.0,2.0,100.0,1783.0
Robinhsuwoq,48.0,50.0,2.0,100.0,982.0
WiseSphinx,0.0,100.0,0.0,2.0,931.0
Vrj22,50.0,25.0,25.0,12.0,1684.0
jabezz88,46.0,49.0,5.0,100.0,2050.0
osama1235ffv,14.0,85.0,0.0,21.0,939.0
Fionallegra,53.0,40.0,7.0,100.0,1916.0
white_avocado,60.0,33.0,6.0,81.0,1860.0
HomerSimpson-DOH,55.0,45.0,0.0,100.0,1500.0
Diego_Yolooo,13.0,77.0,9.0,66.0,2101.0
creddy0001,20.0,80.0,0.0,100.0,658.0
ch36,48.0,47.0,5.0,100.0,1775.0
iamdireatchess,44.0,51.0,4.0,49.0,1942.0
MarkEdJayCasapao,46.0,53.0,1.0,100.0,1958.0
color4tree,100.0,0.0,0.0,3.0,1461.0
ergya1991,39.0,57.0,3.0,100.0,
edu02,55.0,44.0,0.0,27.0,1929.0
mohsenyazdinia,53.0,45.0,2.0,100.0,1670.0
markkk2021,48.0,48.0,4.0,100.0,2034.0
Khairul_arif_amsyar,60.0,40.0,0.0,30.0,1523.0
its_zander,28.0,71.0,0.0,21.0,680.0
demonica7,50.0,0.0,50.0,6.0,1944.0
F2x,44.0,49.0,7.0,100.0,2232.0
uranoathos,44.0,43.0,13.0,100.0,1631.0
BORZHEV,52.0,45.0,3.0,100.0,1174.0
Novichok754,49.0,48.0,3.0,100.0,1602.0
owenjjax7,40.0,55.0,5.0,100.0,1236.0
YeraChess07,42.0,50.0,8.0,100.0,1858.0
ismetoner,51.0,43.0,6.0,100.0,1465.0
ANTEH77K,48.0,49.0,3.0,100.0,1787.0
julius39,47.0,51.0,2.0,100.0,1715.0
YERVANDKHACHIKYAN,100.0,0.0,0.0,9.0,2327.0
UniofNorthLondon,71.0,28.0,0.0,63.0,2203.0
Innos07,42.0,57.0,0.0,57.0,1618.0
Yarotskiy_Fedor07,53.0,42.0,5.0,100.0,2003.0
neo2141,44.0,52.0,4.0,100.0,1650.0
Abraseq1988,48.0,50.0,2.0,100.0,1625.0
Sonbg,43.0,55.0,2.0,100.0,1800.0
NajdorfProphet,44.0,53.0,3.0,100.0,1976.0
Leberkassemmel_legga,88.0,11.0,0.0,27.0,1899.0
Jenith29,52.0,46.0,2.0,100.0,1994.0
kINGDUDU9,50.0,46.0,4.0,100.0,1764.0
rbp246,51.0,47.0,2.0,100.0,1484.0
Lanke,40.0,52.0,8.0,100.0,1061.0
Aleksandr_Fedotov,50.0,44.0,6.0,100.0,2092.0
Mister--x,40.0,54.0,6.0,100.0,2222.0
FDE13,42.0,48.0,10.0,100.0,1759.0
VOR96,51.0,47.0,2.0,100.0,1965.0
Chilu419,46.0,49.0,5.0,100.0,1766.0
hetmangabi,40.0,56.0,4.0,100.0,1689.0
Bikila73,43.0,51.0,6.0,100.0,1594.0
Randleman5102,49.0,45.0,6.0,100.0,1958.0
HarrisonAbrahams,40.0,59.0,1.0,100.0,1600.0
UnBoRnSoJa,52.0,48.0,0.0,100.0,1404.0
zsabyagli,57.0,42.0,0.0,100.0,1225.0
FlyingRider,52.0,43.0,5.0,100.0,1502.0
jairrrr,48.0,50.0,2.0,100.0,1136.0
bodya888,52.0,48.0,0.0,100.0,1242.0
Natan_thiago,37.0,37.0,25.0,24.0,855.0
ChessPlayerOnline123,100.0,0.0,0.0,6.0,1778.0
Alucardo96,39.0,60.0,1.0,100.0,1023.0
Filconducteur,47.0,41.0,12.0,100.0,1283.0
lissa14,75.0,25.0,0.0,24.0,2076.0
noteblues444,40.0,59.0,1.0,100.0,1665.0
kosta911,44.0,53.0,3.0,100.0,1570.0
Goodnews1111,53.0,46.0,1.0,100.0,1349.0
masmsi,49.0,49.0,2.0,100.0,1339.0
Shakkiartisti,53.0,43.0,4.0,100.0,1777.0
JaviFu57,48.0,50.0,2.0,100.0,949.0
Lazbent,42.0,51.0,7.0,100.0,1330.0
NadEph,52.0,47.0,1.0,100.0,1853.0
JackMunadi,46.0,50.0,4.0,100.0,2100.0
Ali_Nawfal,50.0,47.0,3.0,100.0,1525.0
gsoppe,50.0,39.0,11.0,100.0,2382.0
M_MURATOGLU,66.0,33.0,0.0,9.0,1433.0
kilskeer,41.0,57.0,1.0,100.0,1408.0
Motherrussia_Yeehaw,41.0,56.0,3.0,100.0,1767.0
startsevsergey,66.0,33.0,0.0,9.0,1414.0
XLILM,25.0,75.0,0.0,4.0,1596.0
sgfiseogbhs,59.0,36.0,5.0,100.0,2476.0
Hamidasadi1989,41.0,53.0,6.0,100.0,1609.0
gaminguwoznego,75.0,25.0,0.0,12.0,1743.0
Toaster4u,36.0,60.0,4.0,100.0,1418.0
filantropsjanis,47.0,49.0,4.0,100.0,1346.0
gabmode,45.0,52.0,3.0,100.0,1495.0
migueron,48.0,47.0,5.0,100.0,1479.0
Turlykhan_Alikhan,59.0,34.0,7.0,100.0,2075.0
daniandrades,43.0,43.0,12.0,96.0,1369.0
KulishovAN,59.0,32.0,9.0,100.0,1455.0
fabianoooo,42.0,56.0,2.0,100.0,1620.0
Icemanes,51.0,44.0,5.0,100.0,1223.0
engzaen,33.0,66.0,0.0,3.0,1500.0
Xantares7,50.0,50.0,0.0,66.0,1613.0
Pavel-Russia,41.0,56.0,2.0,100.0,1777.0
CheckMBence,33.0,66.0,0.0,18.0,1359.0
OlegM79,67.0,32.0,1.0,100.0,1956.0
IvanovNikNik,31.0,67.0,2.0,100.0,1795.0
Gajah_Wungkuk,50.0,44.0,6.0,100.0,1913.0
laanius,36.0,51.0,13.0,100.0,2312.0
Turbo37,51.0,43.0,6.0,100.0,1763.0
StupidWarlord,50.0,50.0,0.0,6.0,1599.0
TheLivingMatrix,46.0,48.0,6.0,100.0,2180.0
SLOU21,44.0,55.0,1.0,100.0,1616.0
AndacS,34.0,66.0,0.0,100.0,1222.0
Bykovskii_Boris,25.0,75.0,0.0,100.0,1215.0
xbodro,48.0,52.0,0.0,100.0,1726.0
Dr-Davies,33.0,66.0,0.0,9.0,1776.0
Vaishakh_123,51.0,43.0,6.0,100.0,1307.0
Froquifer,42.0,52.0,6.0,100.0,1653.0
Lakrisss,54.0,45.0,1.0,100.0,1943.0
vukovicg,33.0,66.0,0.0,36.0,1615.0
Emirhanyl13,33.0,66.0,0.0,9.0,1214.0
AmolTyagi,0.0,100.0,0.0,3.0,1745.0
peonpeleon70,50.0,47.0,3.0,100.0,1457.0
yeye0423,34.0,62.0,4.0,100.0,2111.0
a_carpenter,50.0,47.0,3.0,100.0,1162.0
FRMA,57.0,33.0,9.0,100.0,1937.0
Pyscon,33.0,66.0,0.0,18.0,1736.0
Lee007Inshallah,43.0,51.0,6.0,100.0,1787.0
jmac5,40.0,57.0,2.0,100.0,1008.0
ultimartos,44.0,51.0,3.0,87.0,1134.0
Adolfo44,48.0,49.0,3.0,100.0,1650.0
ThouficRaja,33.0,66.0,0.0,27.0,882.0
IWillWinAgainstYou,40.0,60.0,0.0,15.0,2017.0
Arman228,52.0,41.0,7.0,100.0,2336.0
goranovich,48.0,46.0,6.0,100.0,1885.0
Oscar2023_h,49.0,45.0,6.0,100.0,1415.0
Vladimir_99,38.0,60.0,2.0,100.0,1794.0
jakobs28,35.0,56.0,8.0,100.0,1951.0
SirEvans,46.0,49.0,5.0,100.0,1788.0
Dottore_LaFolgore,44.0,48.0,8.0,75.0,2005.0
sedek31,47.0,49.0,4.0,100.0,1704.0
ashi3h,56.0,40.0,3.0,100.0,1582.0
jouman,42.0,55.0,3.0,100.0,1553.0
aydinmohaghegh,48.0,51.0,1.0,100.0,1666.0
a_tahmasbnezhad,50.0,50.0,0.0,48.0,1284.0
darrenmcfadden,41.0,51.0,8.0,100.0,1338.0
otiko2008,54.0,41.0,5.0,100.0,1892.0
mbongoboyytal,49.0,47.0,4.0,100.0,1612.0
Daniel1103,25.0,50.0,25.0,12.0,926.0
Smv-k,52.0,36.0,12.0,100.0,2383.0
MotifXS8,51.0,38.0,11.0,100.0,2300.0
Gabi_2004,48.0,51.0,1.0,100.0,1830.0
Segment73,42.0,46.0,12.0,100.0,1543.0
beefpuncher,57.0,42.0,0.0,7.0,1793.0
WittyChessPuns,42.0,53.0,5.0,100.0,1147.0
emptydesk,53.0,40.0,7.0,100.0,1800.0
DmitryProshin,50.0,42.0,8.0,100.0,1701.0
SirJccc,51.0,48.0,0.0,99.0,1477.0
rajabi8449454,49.0,46.0,5.0,100.0,1482.0
leguar7,100.0,0.0,0.0,3.0,1329.0
user406,44.0,46.0,10.0,100.0,2179.0
andreyka1977,55.0,45.0,0.0,100.0,1350.0
zeshyun,100.0,0.0,0.0,3.0,1500.0
JoeLovesElon,65.0,34.0,1.0,100.0,1870.0
MoYousefiPour,48.0,48.0,4.0,75.0,1612.0
Agmahachi01,47.0,51.0,2.0,100.0,1841.0
JorgeParraLopez,45.0,51.0,4.0,100.0,710.0
Sanstrauss26,61.0,37.0,2.0,100.0,2007.0
cayu,52.0,46.0,2.0,100.0,1644.0
erikcx,28.0,71.0,0.0,21.0,1677.0
Lotfi_021,48.0,50.0,2.0,100.0,1802.0
RICHYTOBON31,45.0,50.0,5.0,100.0,1781.0
Osiru,44.0,53.0,3.0,100.0,1800.0
Chickoladoo,53.0,43.0,4.0,100.0,1452.0
VicenteGutierrez,67.0,32.0,0.0,84.0,2298.0
Bishwanathbts,66.0,33.0,0.0,9.0,1104.0
Mert555,43.0,46.0,11.0,100.0,1573.0
GabeStudemayer,63.0,35.0,2.0,100.0,1466.0
PROLEGEND27,37.0,58.0,3.0,87.0,1686.0
Mikiisz,43.0,53.0,4.0,100.0,1526.0
Klokskopper,45.0,54.0,1.0,100.0,1090.0
Aliotse24,49.0,47.0,4.0,100.0,1980.0
mirzhn,60.0,40.0,0.0,30.0,1889.0
Jacket42,33.0,66.0,0.0,3.0,1312.0
Mehdi069,47.0,41.0,12.0,100.0,2052.0
NINA_5645,45.0,53.0,2.0,100.0,1173.0
ChessMonster05,46.0,47.0,7.0,100.0,2109.0
Eylade,100.0,0.0,0.0,3.0,1733.0
younes_abadeh,53.0,43.0,4.0,100.0,2204.0
penpalrdro,38.0,52.0,9.0,63.0,1766.0
Elmer_61,51.0,44.0,5.0,100.0,1766.0
torrelupo,45.0,48.0,7.0,100.0,1267.0
Unknown_P3YCH0,45.0,43.0,11.0,51.0,2587.0
Capivara010203,45.0,54.0,1.0,100.0,1363.0
megatron2,56.0,33.0,10.0,100.0,2522.0
khalil3010,33.0,61.0,5.0,54.0,1940.0
kuzya119,55.0,41.0,4.0,100.0,1570.0
Fearlost,41.0,56.0,3.0,100.0,2113.0
BenjaminCresencio,51.0,45.0,3.0,99.0,1676.0
kabelo2006,100.0,0.0,0.0,3.0,1760.0
BlueJT,58.0,41.0,0.0,72.0,1941.0
alvberm,49.0,45.0,6.0,100.0,2039.0
hubecar,49.0,47.0,4.0,100.0,1592.0
Bribon81,51.0,47.0,2.0,100.0,1815.0
ErFenomeno,0.0,100.0,0.0,3.0,1799.0
Tankovich2020,0.0,100.0,0.0,18.0,1438.0
SHZ19,50.0,50.0,0.0,100.0,1199.0
hossin_zarby,51.0,44.0,5.0,100.0,1786.0
Alperen3358,47.0,52.0,1.0,100.0,2153.0
blood9,50.0,42.0,8.0,100.0,2027.0
Pewloka,50.0,50.0,0.0,6.0,1158.0
Raicker,77.0,21.0,2.0,100.0,1168.0
Danish_Sahab,43.0,56.0,0.0,100.0,1792.0
blitz5,36.0,60.0,4.0,100.0,1783.0
Kimothi,46.0,49.0,5.0,100.0,1758.0
Thomas0810,57.0,34.0,8.0,100.0,2616.0
MaximusGr8,42.0,52.0,6.0,100.0,1436.0
flash2841,50.0,50.0,0.0,100.0,1428.0
aidarsun,56.0,39.0,4.0,100.0,1706.0
andreKarlosmagnus,44.0,51.0,3.0,87.0,1200.0
satya_kk,42.0,56.0,2.0,100.0,1438.0
AlexeyDragan,51.0,46.0,3.0,100.0,1684.0
DouglasM98,50.0,50.0,0.0,6.0,1541.0
Toleoneect,0.0,100.0,0.0,3.0,1720.0
usuarioyaexiste,61.0,37.0,2.0,100.0,2018.0
Stephan357,65.0,30.0,3.0,78.0,2031.0
MarinaAleksandrova,53.0,33.0,14.0,100.0,1787.0
TheChessMaster2023,41.0,47.0,12.0,100.0,1825.0
Otto_fon_Schmidt,40.0,47.0,13.0,100.0,1117.0
jcmaxwell18,45.0,47.0,8.0,100.0,1858.0
SpatioTemporal,49.0,44.0,7.0,100.0,1752.0
RRagnar,48.0,51.0,1.0,100.0,1755.0
KaciOrb,50.0,45.0,5.0,100.0,1714.0
Zugzwang1964,0.0,100.0,0.0,6.0,1621.0
jeff1919,44.0,56.0,0.0,100.0,1600.0
muyunda,46.0,53.0,1.0,100.0,1914.0
najbolji,53.0,41.0,6.0,100.0,1772.0
alexisst-maurice1,22.0,77.0,0.0,27.0,1687.0
muj98taba,33.0,62.0,5.0,100.0,1454.0
moscafeia,48.0,46.0,6.0,100.0,2073.0
Suhrab77,56.0,39.0,4.0,69.0,1966.0
Menssana22,39.0,54.0,7.0,100.0,1896.0
gbkk111987,54.0,45.0,1.0,100.0,1705.0
Geek_264,42.0,53.0,5.0,100.0,1275.0
bb1729,46.0,41.0,13.0,100.0,2007.0
js2044,52.0,40.0,8.0,100.0,1517.0
wolfepup,42.0,57.0,0.0,21.0,1279.0
CAKEN2710,45.0,53.0,2.0,100.0,1692.0
tired_Wendigo,46.0,46.0,8.0,100.0,2128.0
jeancarloajedrez-12,32.0,61.0,7.0,100.0,1166.0
xBrainMeltx,56.0,39.0,5.0,100.0,2368.0
MB10930,47.0,48.0,5.0,100.0,1968.0
jrsweden,51.0,44.0,5.0,100.0,2312.0
jointhedarkside,53.0,47.0,0.0,100.0,1273.0
jefimka,42.0,47.0,9.0,63.0,1364.0
notlastman,42.0,57.0,0.0,21.0,1697.0
coachkeener,0.0,100.0,0.0,3.0,1777.0
dkohler,52.0,44.0,4.0,100.0,1546.0
manimani2001,28.0,66.0,4.0,63.0,1146.0
ChessAdmim2004,53.0,43.0,4.0,100.0,1908.0
OlegTrof,51.0,44.0,5.0,100.0,1933.0
Dot_X3,52.0,42.0,6.0,100.0,1982.0
diegoagustin,33.0,66.0,0.0,9.0,1480.0
Titanium419,46.0,44.0,10.0,100.0,2119.0
rez76,56.0,43.0,0.0,48.0,1732.0
FSD25,63.0,27.0,9.0,33.0,2215.0
HannoH2010,50.0,50.0,0.0,6.0,1897.0
Schluppi,54.0,41.0,5.0,100.0,2022.0
Resevilchess,50.0,50.0,0.0,30.0,2530.0
Crax26,71.0,28.0,0.0,21.0,1563.0
JoJoYeah,44.0,48.0,8.0,100.0,1746.0
Vidhit24,54.0,45.0,0.0,66.0,1787.0
Aperture_Science,41.0,56.0,3.0,100.0,1445.0
PhilipJFry13,43.0,55.0,2.0,100.0,1929.0
Elo-Killer,57.0,34.0,8.0,100.0,2211.0
ndrededu,66.0,31.0,3.0,100.0,1835.0
EmmaChess_E4,43.0,52.0,5.0,100.0,1298.0
chodous,46.0,52.0,2.0,100.0,1461.0
Zentraidon,52.0,38.0,10.0,100.0,2257.0
ziv2023,52.0,47.0,1.0,100.0,1721.0
abrahamc14,56.0,43.0,0.0,90.0,1956.0
leniniv,45.0,53.0,2.0,100.0,1610.0
mkapralek,43.0,52.0,5.0,100.0,1660.0
Kimo523,49.0,49.0,2.0,100.0,1379.0
Sergey196,48.0,46.0,6.0,100.0,1815.0
Barmenators,57.0,42.0,0.0,21.0,1157.0
Joel_ete,22.0,61.0,16.0,54.0,1104.0
LAUMDA,53.0,46.0,1.0,100.0,2203.0
Eman8chess,59.0,41.0,0.0,100.0,1911.0
OlegSychev,43.0,49.0,8.0,100.0,1553.0
Amirram,46.0,50.0,4.0,100.0,1741.0
wert777,49.0,47.0,4.0,100.0,1818.0
Dmitrii_Makeev,0.0,100.0,0.0,3.0,1613.0
Osiel09,50.0,37.0,12.0,24.0,2029.0
gmseagull,53.0,42.0,5.0,100.0,1799.0
gnarlesmarx,51.0,41.0,8.0,100.0,1624.0
ganzo2008,53.0,46.0,1.0,100.0,1761.0
qwertyzZ69,35.0,57.0,7.0,100.0,1328.0
alezkaturizm,53.0,42.0,5.0,100.0,1545.0
DontPinMePls,42.0,55.0,3.0,100.0,1572.0
Pickelkroete,42.0,48.0,10.0,100.0,1899.0
Chesselec,48.0,45.0,7.0,100.0,1832.0
Carla_Pro,58.0,41.0,0.0,87.0,1973.0
Uteniyazov_Baxtiyar,52.0,41.0,7.0,100.0,1676.0
Dgndodo,43.0,54.0,3.0,100.0,1567.0
Gercog13,46.0,51.0,3.0,100.0,2180.0
rajasonang,41.0,54.0,5.0,100.0,1609.0
bogdan_vynokurov24,44.0,55.0,0.0,9.0,1500.0
Yasserelaraby2024,42.0,56.0,2.0,100.0,1874.0
dogukan1011,45.0,49.0,6.0,100.0,1255.0
IsKaN12,55.0,44.0,0.0,27.0,1968.0
Nampe,75.0,25.0,0.0,12.0,1669.0
Debendk,39.0,56.0,4.0,100.0,1581.0
Teddy29,33.0,50.0,16.0,18.0,1568.0
Gr1shaK,50.0,38.0,12.0,100.0,2389.0
Arteaga_felipe8,43.0,55.0,2.0,100.0,1486.0
nubesitas,64.0,31.0,5.0,100.0,1456.0
challenger_xmax,51.0,45.0,4.0,100.0,1805.0
Serving2021,50.0,42.0,8.0,100.0,1706.0
toooldforthis70,39.0,56.0,5.0,100.0,1413.0
wamizo,39.0,56.0,5.0,100.0,1408.0
TomaszZagorski,48.0,42.0,10.0,100.0,1992.0
ThrowMeABone,0.0,100.0,0.0,3.0,1286.0
Atsushi23,51.0,44.0,5.0,100.0,1959.0
EmilioSarat,45.0,55.0,0.0,60.0,1661.0
asidorenko,0.0,100.0,0.0,3.0,1555.0
GermanMouser,55.0,45.0,0.0,100.0,1934.0
estongserolf,41.0,56.0,3.0,100.0,1736.0
Kuular_V_N,47.0,50.0,3.0,100.0,2053.0
johan85sangma,40.0,52.0,8.0,100.0,1760.0
CharlesFosterKane37,51.0,48.0,1.0,100.0,1358.0
Potang7171,11.0,66.0,22.0,27.0,1686.0
sathvik1105,20.0,79.0,0.0,72.0,972.0
NorthernPowerhouse,25.0,50.0,25.0,12.0,2184.0
ABjdbjasdkj,53.0,38.0,7.0,39.0,2042.0
climbingrazorchess,41.0,52.0,7.0,100.0,1335.0
Elawamy1983z,41.0,52.0,7.0,100.0,1548.0
Viktor821,50.0,49.0,1.0,100.0,1571.0
Bluknight,74.0,24.0,2.0,100.0,1615.0
Radimir-27,46.0,51.0,3.0,100.0,1316.0
aliekici2706,45.0,53.0,2.0,100.0,1365.0
MBS1971,54.0,40.0,6.0,100.0,1950.0
Fernando20242024,100.0,0.0,0.0,3.0,991.0
ravhovel1,46.0,49.0,5.0,100.0,1774.0
ararat64-0,56.0,28.0,15.0,100.0,2327.0
viktor_chesser,75.0,25.0,0.0,24.0,1789.0
ricocopopsi,50.0,50.0,0.0,12.0,1620.0
Vandamme_I_P,53.0,42.0,5.0,100.0,1222.0
atac10,33.0,57.0,9.0,100.0,1508.0
FiliPPMEXiKO,48.0,42.0,9.0,99.0,858.0
soideki,39.0,57.0,3.0,100.0,1399.0
Amazoninha,50.0,48.0,2.0,100.0,1310.0
julianrex,66.0,33.0,0.0,63.0,1248.0
seifeldeenmostafa,32.0,61.0,7.0,100.0,1813.0
MurotSuper,46.0,49.0,5.0,100.0,1366.0
e4_d5_cxd5,53.0,41.0,6.0,100.0,2202.0
Rookz77,52.0,41.0,7.0,100.0,2568.0
Blexes,47.0,43.0,10.0,100.0,1474.0
rafaelvmartinez,48.0,50.0,2.0,100.0,1402.0
TheUndefeatedChamp69,100.0,0.0,0.0,3.0,1037.0
Matthew761,54.0,36.0,9.0,33.0,1627.0
ishakbas54,41.0,52.0,7.0,100.0,1384.0
z-kevser15,47.0,38.0,14.0,63.0,986.0
Yaseen_Ahmed,40.0,56.0,4.0,100.0,1843.0
Vda079,0.0,100.0,0.0,9.0,1006.0
APEC17,50.0,47.0,3.0,100.0,1611.0
pk67ro,50.0,42.0,8.0,100.0,1789.0
Siyaabhi13147,48.0,40.0,12.0,100.0,1944.0
findichgut,100.0,0.0,0.0,3.0,1380.0
jaedlebron,42.0,57.0,0.0,21.0,1036.0
Rydir_3445_pro,45.0,53.0,2.0,100.0,1471.0
OldSchoolNoob,41.0,54.0,5.0,100.0,2033.0
Rumeysa-44,28.0,59.0,12.0,100.0,1852.0
vuducnghiep,49.0,46.0,5.0,100.0,1838.0
never_ever_castling,49.0,44.0,7.0,100.0,1903.0
biswanathswain,42.0,50.0,8.0,100.0,1112.0
JosueGarcia81,37.0,56.0,6.0,100.0,1689.0
Laliluli,55.0,44.0,0.0,27.0,1877.0
KnightDescry,22.0,77.0,0.0,22.0,912.0
Khaled_Allan11,50.0,48.0,2.0,100.0,1898.0
Rabnoor_Singh21,27.0,61.0,12.0,100.0,1432.0
wazplm,46.0,48.0,6.0,100.0,1975.0
RicardoMoretto,90.0,9.0,0.0,33.0,2116.0
SeregaVulkan,44.0,53.0,3.0,100.0,1753.0
luchobuono,72.0,22.0,6.0,100.0,2015.0
S364S714N,45.0,54.0,1.0,100.0,963.0
Tikulik,43.0,50.0,7.0,100.0,1598.0
catur_alfi,50.0,42.0,8.0,100.0,2059.0
Rezakhah,44.0,49.0,7.0,100.0,2012.0
Ginetto2021,45.0,53.0,2.0,100.0,2013.0
bodrumya,49.0,48.0,3.0,100.0,1427.0
jealouspike,50.0,50.0,0.0,6.0,1500.0
Darayavahash,28.0,70.0,1.0,100.0,1547.0
mica44110,49.0,48.0,3.0,100.0,1754.0
judaspredator,39.0,59.0,2.0,100.0,1170.0
AdamSzubert,52.0,41.0,7.0,100.0,1598.0
Dmitriy_Engovatov,100.0,0.0,0.0,3.0,2203.0
yuduveralihan,46.0,49.0,5.0,100.0,1762.0
Shirinchess,75.0,25.0,0.0,24.0,1598.0
samuelsaga,70.0,30.0,0.0,30.0,1124.0
SebaSzach,50.0,37.0,12.0,24.0,1316.0
Sachin_Pardeshi-60,45.0,53.0,2.0,100.0,1385.0
ahmad___salehi1367,50.0,46.0,4.0,100.0,1651.0
AnasAmer11,34.0,62.0,2.0,70.0,1423.0
Nofresi,75.0,25.0,0.0,36.0,1918.0
Senopati-KCI,51.0,43.0,6.0,100.0,1999.0
spicyhabibi,51.0,44.0,5.0,100.0,1657.0
e5master,59.0,40.0,1.0,100.0,1628.0
tagtale,49.0,49.0,2.0,100.0,1575.0
Dmo_hjg,56.0,43.0,1.0,100.0,1682.0
v1961,43.0,51.0,6.0,100.0,1908.0
SW02,47.0,49.0,4.0,100.0,1666.0
manosj,45.0,55.0,0.0,100.0,1797.0
Vovik1414,39.0,60.0,1.0,100.0,1354.0
vildarz,50.0,46.0,4.0,100.0,1680.0
igor77777,46.0,50.0,4.0,100.0,1875.0
evermore,44.0,51.0,5.0,100.0,2051.0
chesssr33,51.0,46.0,3.0,100.0,1602.0
Dhruvmalu3377,34.0,64.0,2.0,100.0,1459.0
Varric_Tethras,44.0,44.0,12.0,100.0,2476.0
AlbinM9,49.0,41.0,10.0,100.0,737.0
doppelschlag,45.0,53.0,2.0,100.0,1282.0
Grut5214,53.0,46.0,0.0,39.0,1566.0
savakuz2013,27.0,64.0,9.0,100.0,1406.0
syl59,52.0,44.0,4.0,100.0,1813.0
Saprun1024,43.0,51.0,6.0,100.0,1282.0
Michailfrol,66.0,33.0,0.0,18.0,1945.0
Debian_Lenny,41.0,56.0,3.0,100.0,1373.0
leonid1978,56.0,39.0,4.0,100.0,1476.0
PandianK,50.0,49.0,1.0,100.0,1488.0
wreed20229,40.0,50.0,10.0,30.0,1640.0
Rhulanig,47.0,46.0,7.0,100.0,1672.0
BaxtBek,55.0,40.0,5.0,100.0,1834.0
carloshidu,50.0,47.0,3.0,100.0,1854.0
DONNERMANN,45.0,54.0,0.0,66.0,2033.0
MelnaisPiens,63.0,34.0,3.0,100.0,871.0
kbritze,0.0,100.0,0.0,6.0,1820.0
Mulletstein,52.0,43.0,5.0,100.0,1819.0
oli0987,43.0,53.0,4.0,100.0,1291.0
ShaneDaBrain29,40.0,56.0,4.0,100.0,856.0
McTlana,17.0,82.0,1.0,100.0,1588.0
DragonfireZ,53.0,44.0,3.0,100.0,1564.0
Junkh34d,41.0,54.0,5.0,100.0,1230.0
daragaluska,42.0,56.0,2.0,100.0,1407.0
rkrish67,55.0,42.0,3.0,100.0,1083.0
Abu_Alfadel,52.0,44.0,4.0,100.0,1328.0
SAAQ99,47.0,52.0,1.0,100.0,2079.0
oncombasi,51.0,49.0,0.0,100.0,1718.0
dipesh_5,0.0,100.0,0.0,3.0,1518.0
Artamonoverg,68.0,30.0,2.0,100.0,1221.0
Cubuoyed,52.0,46.0,2.0,100.0,1203.0
Vijay211111111111,30.0,66.0,3.0,30.0,716.0
jefgon,30.0,69.0,1.0,100.0,1544.0
Xepron0,48.0,51.0,0.0,93.0,1538.0
mikhailtal770,34.0,57.0,7.0,78.0,1957.0
sebastianljs,40.0,56.0,3.0,100.0,1710.0
presentedeamor24,66.0,33.0,0.0,12.0,1834.0
Opals123,48.0,48.0,4.0,100.0,1951.0
Sableye_302,49.0,47.0,4.0,100.0,2527.0
H-John,51.0,40.0,9.0,100.0,2265.0
Fatih3y,55.0,44.0,1.0,100.0,1834.0
GAZA0NLY,53.0,46.0,1.0,100.0,1362.0
edeny,45.0,50.0,5.0,100.0,2026.0
zkrepps,48.0,50.0,2.0,100.0,1826.0
astroori,44.0,44.0,12.0,100.0,1817.0
Shreyas2304,48.0,46.0,6.0,100.0,1428.0
Graymayster,64.0,28.0,8.0,100.0,2143.0
alekhinnemanaba,0.0,100.0,0.0,3.0,2371.0
Manuelrubiano78,50.0,48.0,2.0,100.0,1785.0
couchGuy,0.0,100.0,0.0,3.0,1664.0
GrifRift,48.0,49.0,3.0,100.0,1934.0
Bogdanov_Vasilii_010,35.0,60.0,5.0,100.0,1416.0
peporoli,38.0,61.0,0.0,63.0,1808.0
Kot59,33.0,66.0,0.0,9.0,1487.0
dafale2015,54.0,40.0,6.0,100.0,2400.0
ecakmak83,46.0,52.0,2.0,100.0,1414.0
valenca07,51.0,46.0,3.0,100.0,1503.0
Guideon_Schalt,75.0,25.0,0.0,12.0,1903.0
unic0de,47.0,52.0,1.0,100.0,1343.0
seaf88,7.0,88.0,5.0,100.0,1500.0
USER-165,38.0,61.0,0.0,93.0,1440.0
egeerlof,100.0,0.0,0.0,3.0,1707.0
Indigo_chess,47.0,47.0,6.0,100.0,1991.0
Wertwe,47.0,51.0,2.0,100.0,1517.0
lacoberta,42.0,53.0,5.0,100.0,1759.0
Butarantino300000,43.0,54.0,3.0,100.0,1523.0
itfavor,57.0,42.0,0.0,100.0,1936.0
ebsta1982,51.0,48.0,1.0,100.0,1898.0
WXW888,55.0,33.0,11.0,27.0,1644.0
liranfa,46.0,49.0,5.0,100.0,1637.0
sachinreemz,56.0,39.0,5.0,100.0,1334.0
Juggrnaut,50.0,45.0,5.0,100.0,1957.0
Rashoon,60.0,36.0,4.0,100.0,1712.0
shahdhai,42.0,42.0,14.0,21.0,1144.0
VARANNIK,56.0,43.0,1.0,100.0,1717.0
HERIS_BKD,42.0,53.0,5.0,100.0,1933.0
boucha1234567,45.0,50.0,5.0,100.0,784.0
Gostislav24,63.0,35.0,2.0,100.0,1738.0
DrGersch,50.0,25.0,25.0,12.0,1656.0
swiss62,40.0,56.0,3.0,100.0,2008.0
candiiiiiiii,56.0,42.0,1.0,100.0,1306.0
rrpeter,50.0,48.0,2.0,100.0,1127.0
EgorKurulev,25.0,75.0,0.0,12.0,2071.0
ilyaBeast007,36.0,55.0,9.0,100.0,2100.0
e4_destroyer,63.0,34.0,3.0,100.0,2307.0
Chessmaniopathic,49.0,42.0,9.0,100.0,2019.0
Piecuch,67.0,31.0,2.0,100.0,1780.0
AmmonD,52.0,40.0,8.0,100.0,1277.0
Laima1975,46.0,49.0,5.0,100.0,1667.0
mbtopstar,66.0,33.0,0.0,9.0,1133.0
Stiven2011,53.0,44.0,3.0,100.0,1923.0
kost76,56.0,33.0,10.0,100.0,2328.0
Winawer86,50.0,40.0,10.0,30.0,2309.0
Bergschneck,47.0,50.0,3.0,100.0,1911.0
danialanil,48.0,51.0,1.0,100.0,1937.0
Abdallah_1000,61.0,38.0,0.0,93.0,1721.0
Mohammed_daozawy,48.0,44.0,8.0,100.0,1814.0
Michael_198844444444,60.0,40.0,0.0,15.0,1701.0
scottyfaulks,49.0,51.0,0.0,100.0,1344.0
Orion43,54.0,35.0,11.0,100.0,2598.0
kasparov26301384,45.0,50.0,5.0,100.0,1976.0
AlaaSharman,33.0,60.0,7.0,100.0,2167.0
P-Fermat,40.0,53.0,7.0,100.0,2153.0
LONDONTIRAMO,83.0,16.0,0.0,18.0,2022.0
itschess01banyediaq,60.0,40.0,0.0,90.0,1772.0
Ray_Cobos,49.0,50.0,1.0,100.0,1455.0
mrcube7alt,40.0,56.0,4.0,100.0,947.0
ivanyjoha,39.0,52.0,9.0,100.0,1065.0
Pticornichon,25.0,75.0,0.0,24.0,1403.0
goodplayer1000,56.0,43.0,0.0,100.0,1617.0
Grumpy_1,66.0,25.0,7.0,81.0,2029.0
lovelyo,22.0,77.0,0.0,66.0,1078.0
JuPi24,43.0,46.0,11.0,100.0,1891.0
L0RD_PANTHEON,44.0,55.0,1.0,100.0,1912.0
Lagoa-de-obidos,52.0,44.0,4.0,100.0,1920.0
Kenorb666,0.0,100.0,0.0,3.0,1666.0
RusSwed,36.0,61.0,3.0,100.0,1776.0
Nizarmustafa,60.0,38.0,2.0,100.0,1900.0
IHope0,46.0,44.0,10.0,100.0,2119.0
Pavelrousseau,51.0,44.0,5.0,100.0,1811.0
frednthechess11,50.0,48.0,2.0,100.0,1735.0
sewin-16,53.0,46.0,0.0,45.0,2468.0
lilyum,34.0,60.0,6.0,100.0,1522.0
Sergio_63,44.0,52.0,4.0,100.0,1559.0
Sherihan_Azzam2,34.0,62.0,4.0,100.0,1728.0
Gabriel1005,40.0,50.0,10.0,30.0,1847.0
adham_73,48.0,46.0,6.0,100.0,1796.0
peteseeger,46.0,42.0,12.0,100.0,2327.0
Costga,48.0,50.0,2.0,100.0,1463.0
Zulus_Chara,57.0,40.0,2.0,100.0,1948.0
UwU_UwU_UwU_UwU_UwU,100.0,0.0,0.0,3.0,1250.0
MatzeChamp,25.0,75.0,0.0,36.0,1807.0
estrasld,52.0,45.0,3.0,100.0,2272.0
alfilita,37.0,50.0,12.0,24.0,1177.0
zilka,100.0,0.0,0.0,3.0,903.0
Devlon,48.0,50.0,2.0,100.0,1981.0
Lozhnonozhka,53.0,43.0,4.0,100.0,2262.0
Gantaal,50.0,44.0,5.0,54.0,1741.0
Klaus_W,50.0,50.0,0.0,60.0,2017.0
germanquilmes,43.0,56.0,1.0,100.0,1578.0
ehyer10061006,43.0,53.0,3.0,90.0,1403.0
jerico2,43.0,56.0,0.0,100.0,1626.0
Saoco,52.0,44.0,4.0,100.0,1565.0
wedokedo,100.0,0.0,0.0,9.0,1712.0
guerrerojaguar,50.0,47.0,3.0,100.0,1609.0
MilverAnatol,50.0,40.0,10.0,30.0,1674.0
ArKen,62.0,27.0,11.0,100.0,1985.0
L35L13,64.0,35.0,1.0,100.0,2096.0
Petiso400,0.0,100.0,0.0,3.0,1963.0
spiterozo01,55.0,43.0,2.0,100.0,1688.0
rurkowiec3,49.0,48.0,3.0,100.0,1551.0
weimann,39.0,57.0,3.0,100.0,1595.0
Bubi44,54.0,43.0,3.0,100.0,1863.0
Reaper_2024,52.0,36.0,10.0,57.0,2375.0
Chico_Cat,50.0,37.0,12.0,24.0,1342.0
UncleTito,53.0,42.0,5.0,100.0,1633.0
Gleb_leader,40.0,51.0,9.0,100.0,1766.0
Artilerije,56.0,43.0,1.0,100.0,2265.0
realbaaam,59.0,39.0,2.0,100.0,1377.0
marubechess,38.0,54.0,8.0,100.0,1509.0
Rimigug,57.0,37.0,5.0,100.0,2428.0
ozcel,49.0,46.0,5.0,100.0,2042.0
Khurana111,46.0,45.0,9.0,100.0,1711.0
Schaffinho14,37.0,61.0,2.0,100.0,556.0
LeeHongYy,46.0,49.0,5.0,100.0,1890.0
HinDavid,50.0,50.0,0.0,18.0,1016.0
justttte,47.0,48.0,5.0,100.0,1853.0
GeorgeT23,0.0,100.0,0.0,15.0,1413.0
afdavid77,0.0,100.0,0.0,6.0,1658.0
WerWurm,50.0,39.0,11.0,100.0,1888.0
Tamrin87,0.0,100.0,0.0,3.0,2063.0
TORRE7,40.0,57.0,2.0,100.0,1416.0
biokompott,47.0,46.0,7.0,100.0,1947.0
JFC-2024,50.0,41.0,9.0,100.0,1647.0
ArsenBelarus,44.0,50.0,5.0,54.0,1977.0
ABC-XYZ-12345,0.0,100.0,0.0,3.0,2087.0
molau02,59.0,39.0,2.0,100.0,1743.0
Serg62305,48.0,46.0,6.0,100.0,1329.0
Pan_Skoczyslaw,50.0,41.0,8.0,36.0,2001.0
moralino,56.0,35.0,9.0,100.0,1304.0
proekt2020,39.0,59.0,2.0,100.0,1492.0
kenseitrg,46.0,53.0,1.0,100.0,1349.0
dudaksizzz,56.0,38.0,6.0,100.0,1453.0
Anam,50.0,44.0,5.0,54.0,2018.0
aggrkrov,45.0,45.0,9.0,33.0,2102.0
shashim123,45.0,45.0,10.0,100.0,959.0
ruanxzl,50.0,50.0,0.0,26.0,1327.0
xenochropa,37.0,60.0,3.0,100.0,1692.0
implay,33.0,33.0,33.0,9.0,1809.0
Felicidad_repulsiva,42.0,57.0,0.0,21.0,2197.0
craftiest1,46.0,43.0,11.0,100.0,1418.0
quilazo,43.0,47.0,10.0,100.0,1901.0
ZehLeleh,49.0,46.0,5.0,100.0,1369.0
Rama_009,47.0,42.0,11.0,100.0,1862.0
Percy20,39.0,56.0,5.0,100.0,1385.0
WeirdLogic,45.0,52.0,3.0,100.0,2045.0
Nanay333,55.0,44.0,1.0,100.0,1617.0
zedoju,56.0,40.0,4.0,100.0,1901.0
Mathaias83,41.0,55.0,4.0,100.0,1818.0
aarvierawat,35.0,62.0,3.0,100.0,1615.0
SojaTonia,40.0,53.0,7.0,100.0,1417.0
JPractice,50.0,44.0,5.0,54.0,1408.0
forcachess,16.0,76.0,8.0,100.0,1734.0
vuleorlic,49.0,46.0,5.0,100.0,2165.0
Hakinci1,51.0,47.0,2.0,100.0,2181.0
kasparloff,57.0,39.0,3.0,100.0,1729.0
metax322,39.0,56.0,5.0,100.0,784.0
NFarrow,45.0,52.0,3.0,100.0,1778.0
Pblu35,68.0,18.0,14.0,100.0,2695.0
Rassev,53.0,41.0,6.0,100.0,1787.0
lucasapdossantos,69.0,30.0,0.0,69.0,1689.0
vrella,48.0,48.0,4.0,100.0,1492.0
panteranegra2390,50.0,37.0,12.0,8.0,1811.0
carobarcena,36.0,60.0,4.0,100.0,924.0
ahiiiiiii,45.0,53.0,1.0,60.0,1206.0
Skyff,48.0,49.0,3.0,100.0,1700.0
elaganail,43.0,56.0,0.0,48.0,1736.0
toolateforchess,39.0,51.0,10.0,100.0,841.0
jalal6106,51.0,47.0,2.0,100.0,1328.0
thota4,47.0,47.0,6.0,100.0,1718.0
Warrior1729,53.0,46.0,0.0,39.0,1256.0
mapsstfu,46.0,52.0,2.0,100.0,1500.0
NourYehia,48.0,49.0,3.0,100.0,1959.0
Ra02,56.0,37.0,6.0,100.0,1722.0
Sjndl,48.0,49.0,3.0,100.0,1025.0
Rembi163,51.0,46.0,3.0,100.0,1009.0
daviduroz,36.0,59.0,5.0,100.0,2200.0
baaxee,44.0,53.0,3.0,100.0,1260.0
erwinlaurino,48.0,48.0,4.0,100.0,1945.0
MiguelMonsalve1,52.0,47.0,1.0,100.0,1710.0
veterinariacanto,60.0,36.0,4.0,100.0,2044.0
QueenSniffer,44.0,47.0,9.0,100.0,2080.0
mateobailo,39.0,59.0,2.0,100.0,1172.0
Phontsha_1,0.0,100.0,0.0,3.0,1274.0
Chevalieraupancreas,42.0,42.0,14.0,21.0,1602.0
hitthebongjack,21.0,71.0,7.0,42.0,1670.0
AM_HeadRover,60.0,32.0,8.0,100.0,1592.0
Salavat1973-04,64.0,28.0,8.0,100.0,2140.0
Penguinlord3120,37.0,62.0,0.0,48.0,1708.0
MayroBlue,0.0,100.0,0.0,3.0,1886.0
Rejected_1,56.0,40.0,4.0,100.0,1825.0
ThanhWilliamLe,49.0,50.0,1.0,100.0,1767.0
executive30,66.0,29.0,3.0,27.0,2068.0
Theexaltedpawn,42.0,42.0,14.0,21.0,1789.0
miguelgasparchess,49.0,50.0,1.0,100.0,1547.0
zovimenyapapa,56.0,42.0,2.0,100.0,1625.0
Buddy15,60.0,36.0,4.0,100.0,2266.0
VinesToni,48.0,46.0,6.0,100.0,1881.0
HerbalHerbb,55.0,43.0,2.0,100.0,1754.0
jackmaaa254,35.0,64.0,1.0,100.0,1429.0
Boimwitnik_chess,42.0,56.0,2.0,100.0,1917.0
Dima_K_1973,39.0,59.0,2.0,100.0,1582.0
AP2812,44.0,53.0,3.0,100.0,1669.0
AAAVIII,51.0,49.0,0.0,100.0,1838.0
Israfill,53.0,46.0,0.0,84.0,1530.0
Toomanywines,43.0,51.0,6.0,100.0,1763.0
KG77,51.0,45.0,4.0,100.0,2241.0
Franklyterrible1,41.0,54.0,5.0,100.0,1306.0
jmetzmeier,55.0,44.0,1.0,100.0,1227.0
Yossarian222,52.0,37.0,11.0,100.0,2455.0
Nizi3,73.0,11.0,16.0,100.0,2738.0
rezzaahs,52.0,44.0,4.0,100.0,1610.0
fmjuancperez,41.0,50.0,9.0,100.0,2265.0
PanPion,46.0,48.0,6.0,100.0,1672.0
Manni1,42.0,53.0,5.0,100.0,2101.0
Deutsch-Momo,43.0,54.0,3.0,100.0,1398.0
VladimirAbrosimov,50.0,48.0,2.0,100.0,1864.0
calinpaduraru,52.0,48.0,0.0,100.0,1034.0
Dasharathisahoo,70.0,28.0,2.0,100.0,2087.0
iclomind,43.0,51.0,6.0,100.0,1560.0
amauryxiv,40.0,55.0,5.0,100.0,1769.0
groccc,80.0,20.0,0.0,15.0,1686.0
HeskeBeast69,46.0,52.0,2.0,100.0,1397.0
ressa,53.0,44.0,3.0,100.0,2361.0
ajedrez10deagosto,100.0,0.0,0.0,6.0,1743.0
Ache4,59.0,40.0,1.0,100.0,1545.0
azamatgayn,56.0,43.0,0.0,100.0,1833.0
Ownaged,44.0,52.0,4.0,100.0,2033.0
nouri133,44.0,56.0,0.0,100.0,1048.0
SuperMarioChess,54.0,45.0,0.0,66.0,1810.0
Nkateko01,50.0,46.0,4.0,100.0,1384.0
MSqwerty,51.0,40.0,9.0,100.0,1591.0
Dark_Fenix,45.0,54.0,0.0,33.0,2367.0
darkicewarrynn,47.0,45.0,8.0,100.0,1945.0
rbb01,56.0,44.0,0.0,100.0,1387.0
mimik1,47.0,49.0,4.0,100.0,1011.0
MHD-021,44.0,51.0,5.0,100.0,1856.0
umutbasli11,35.0,61.0,4.0,100.0,1565.0
AgentBlindTakes,40.0,53.0,7.0,100.0,1940.0
Romainl44,48.0,43.0,9.0,100.0,2055.0
sioya,59.0,38.0,3.0,100.0,1961.0
SsWQYsS,0.0,100.0,0.0,3.0,1967.0
Glorfindel17,48.0,44.0,8.0,100.0,2323.0
Checkmatefre,48.0,48.0,4.0,100.0,1951.0
GautamRao,52.0,42.0,6.0,100.0,1537.0
YugoChess,49.0,50.0,1.0,100.0,1831.0
CaptainAymanChess,100.0,0.0,0.0,39.0,1857.0
naveen2004,66.0,32.0,2.0,100.0,2350.0
rudynatale,56.0,44.0,0.0,100.0,1644.0
cashmilano,51.0,44.0,5.0,100.0,1952.0
mechermd,45.0,46.0,9.0,100.0,1922.0
IvanPobedovTomsk,50.0,49.0,1.0,100.0,1363.0
llll_lllll,31.0,65.0,2.0,38.0,1163.0
Hardedot,49.0,41.0,10.0,100.0,1103.0
brudentile,45.0,49.0,6.0,100.0,1971.0
Abrakadabraka,50.0,50.0,0.0,12.0,1911.0
Presly_Fischer,55.0,44.0,0.0,27.0,1382.0
wmh86,47.0,47.0,4.0,63.0,1591.0
breligion,46.0,48.0,6.0,100.0,1845.0
PUN_Bandara,48.0,48.0,3.0,31.0,1373.0
Nadi_anyer,48.0,50.0,2.0,100.0,1896.0
Artur_Kamaldinov,49.0,46.0,5.0,100.0,2177.0
leuferopfer,52.0,46.0,2.0,100.0,1387.0
YAN2345,40.0,60.0,0.0,15.0,1127.0
NG1102,33.0,66.0,0.0,3.0,1233.0
lucas_ar,66.0,33.0,0.0,9.0,1648.0
Yassertinawy,35.0,61.0,4.0,100.0,1971.0
Kurban2023,41.0,50.0,8.0,36.0,1953.0
PrrplSqrrl,0.0,100.0,0.0,6.0,1627.0
Reinaldo-Toledo,33.0,55.0,11.0,54.0,1986.0
zeora_xio,50.0,42.0,7.0,14.0,1511.0
Psychodoc1411,55.0,40.0,5.0,100.0,2149.0
akozlov002,47.0,48.0,5.0,100.0,1963.0
FCSM_ARTI,45.0,54.0,1.0,100.0,1366.0
Fomdox,51.0,45.0,4.0,100.0,2132.0
Katikillo,63.0,31.0,6.0,100.0,2024.0
TIRTI22,49.0,44.0,7.0,100.0,1706.0
edudutraufmg,44.0,53.0,3.0,100.0,1771.0
LUQUETJC,59.0,40.0,1.0,100.0,1548.0
Jhay_24,51.0,44.0,5.0,100.0,1486.0
klodsky99,50.0,50.0,0.0,6.0,1571.0
AnatolyKhechi,45.0,52.0,3.0,100.0,2132.0
goggip,26.0,62.0,12.0,100.0,1777.0
mikee_04,41.0,47.0,12.0,100.0,2131.0
ImpureKing,53.0,42.0,5.0,100.0,1933.0
oberhirt,47.0,51.0,2.0,100.0,1389.0
MoiRon,49.0,43.0,8.0,100.0,2002.0
vladimir_bg,52.0,37.0,11.0,100.0,2107.0
Saidislom33,23.0,77.0,0.0,100.0,1377.0
Timanir,53.0,41.0,6.0,100.0,1416.0
Bebosik,42.0,52.0,5.0,57.0,1932.0
valievareg,45.0,52.0,3.0,100.0,1577.0
KingInTheMaking,52.0,43.0,5.0,100.0,1551.0
agrendallan,75.0,21.0,4.0,100.0,1701.0
brydyk,32.0,68.0,0.0,75.0,814.0
dhivyasri,25.0,75.0,0.0,24.0,1502.0
jospascual,42.0,57.0,0.0,78.0,1618.0
RafMant73,46.0,53.0,1.0,100.0,1747.0
Ischneiderlin,65.0,33.0,2.0,100.0,1541.0
V0XYL,50.0,44.0,5.0,54.0,1289.0
YungHussler,71.0,11.0,17.0,35.0,2401.0
dididonaklea,52.0,44.0,4.0,100.0,1344.0
YousifGm,50.0,45.0,4.0,66.0,1725.0
WhiteNight3NorthWind,43.0,52.0,5.0,100.0,1735.0
Dantino1,38.0,61.0,1.0,100.0,1673.0
ReTestone,0.0,0.0,100.0,6.0,1736.0
francisco2310,39.0,53.0,8.0,100.0,1655.0
schachas,48.0,49.0,3.0,100.0,1938.0
Milao2022,49.0,49.0,2.0,100.0,1121.0
Peculiarity_ensuing,45.0,54.0,0.0,99.0,1352.0
carlosenriquenovillo,50.0,50.0,0.0,12.0,1354.0
wherearethetrousers,42.0,57.0,0.0,100.0,1984.0
King19812024,0.0,100.0,0.0,3.0,1345.0
Hiderseek,56.0,41.0,2.0,100.0,1505.0
king_go,43.0,56.0,1.0,100.0,2027.0
Alex333ksandr,0.0,100.0,0.0,3.0,1336.0
Aldovicente,39.0,57.0,3.0,100.0,1467.0
BatataWn,29.0,70.0,0.0,51.0,1036.0
Mahadewa_HCN,56.0,43.0,0.0,100.0,2040.0
zakizaki19,53.0,36.0,11.0,100.0,2350.0
IQpure,53.0,42.0,5.0,100.0,1285.0
raggli,54.0,41.0,5.0,100.0,1872.0
richard63,51.0,49.0,0.0,100.0,1333.0
SVOBODN1Y,45.0,44.0,11.0,100.0,1780.0
MightyRookus,50.0,50.0,0.0,54.0,1633.0
Anneo,65.0,35.0,0.0,100.0,1379.0
rootpoi,50.0,50.0,0.0,72.0,2088.0
Encemo,52.0,46.0,2.0,100.0,1751.0
Ahmed6020,46.0,52.0,2.0,100.0,1416.0
Pradeep29091997,45.0,50.0,5.0,100.0,1262.0
Yildiznimetakkus_03,50.0,49.0,1.0,100.0,1086.0
abughaith83,47.0,49.0,4.0,100.0,1790.0
saufer,56.0,40.0,3.0,100.0,1686.0
BainaFlorid,67.0,25.0,8.0,100.0,2460.0
Llorenc_99,45.0,54.0,0.0,22.0,1719.0
Pedrogutierrez,56.0,43.0,1.0,100.0,1406.0
Bekhzod_coach,71.0,26.0,3.0,100.0,2014.0
baby8,50.0,47.0,3.0,100.0,1593.0
McHardknox,50.0,44.0,6.0,100.0,1595.0
Petitzizourobuste,43.0,50.0,7.0,100.0,1767.0
MichelGross,49.0,46.0,5.0,100.0,1878.0
litag,50.0,43.0,7.0,100.0,1839.0
Clementpena-14,20.0,44.0,36.0,75.0,1017.0
checkmate3212,68.0,31.0,0.0,57.0,1680.0
katakuri2,45.0,53.0,2.0,100.0,1845.0
Fridolf06,55.0,40.0,5.0,100.0,2021.0
surani,48.0,50.0,2.0,100.0,1953.0
Petersucks,81.0,18.0,0.0,33.0,2083.0
kibk3,47.0,46.0,7.0,100.0,1558.0
igomingo,40.0,57.0,2.0,100.0,1592.0
Moneeb,48.0,50.0,2.0,100.0,1652.0
Kuzelnik,35.0,49.0,16.0,100.0,2353.0
OscarYu,52.0,45.0,3.0,100.0,2003.0
poirot86,34.0,65.0,0.0,69.0,1645.0
janjoca,49.0,45.0,6.0,100.0,2074.0
Danielstrike,46.0,51.0,3.0,100.0,1280.0
rosa_rojas28,61.0,38.0,0.0,13.0,1689.0
StargateGambit,38.0,46.0,15.0,39.0,1854.0
RUBL,42.0,56.0,2.0,100.0,1606.0
siberet,33.0,65.0,2.0,100.0,1817.0
ItIsAwkward,57.0,39.0,3.0,100.0,1795.0
zoarprodhan,63.0,27.0,9.0,33.0,2255.0
yoki1925,55.0,38.0,7.0,100.0,1991.0
il_tripero,48.0,49.0,3.0,100.0,1470.0
EtliEkmekv2,54.0,39.0,7.0,100.0,1441.0
puessi,45.0,51.0,4.0,100.0,1438.0
Miguel_PUCP,43.0,55.0,2.0,100.0,1343.0
Gopsy,54.0,42.0,4.0,100.0,1626.0
Babyboyharju,52.0,47.0,1.0,100.0,1696.0
Test-of-Time,41.0,37.0,20.0,72.0,2214.0
N-A67,47.0,51.0,2.0,100.0,1754.0
ZakMat,53.0,44.0,3.0,100.0,1727.0
antrasi70,37.0,59.0,3.0,96.0,1721.0
R_DK,38.0,61.0,1.0,100.0,648.0
Qitty,38.0,61.0,0.0,39.0,2243.0
Pawneess,100.0,0.0,0.0,3.0,1755.0
pep_olmos,41.0,56.0,3.0,100.0,1311.0
DomPfeiffer,49.0,50.0,1.0,100.0,1956.0
AF69,46.0,48.0,6.0,100.0,1820.0
flyingbrick,45.0,53.0,2.0,100.0,1341.0
ArturKatowice,46.0,49.0,5.0,100.0,1115.0
asertyy,38.0,61.0,0.0,54.0,978.0
TheranosIsLegit,53.0,34.0,11.0,78.0,2310.0
Murattpcu,51.0,45.0,4.0,100.0,1705.0
DomineCabra,50.0,50.0,0.0,100.0,1447.0
OkayChess,43.0,50.0,6.0,48.0,1915.0
Psycho_Killer_01,0.0,63.0,36.0,33.0,1874.0
BrunoLeBarman,50.0,42.0,8.0,100.0,798.0
sai_2001,50.0,50.0,0.0,6.0,2017.0
Abou26,45.0,53.0,2.0,100.0,1404.0
Godfa,47.0,51.0,2.0,100.0,1522.0
EngChishimba,33.0,33.0,33.0,9.0,2305.0
Ishimova11,41.0,52.0,7.0,100.0,951.0
folkxs,30.0,66.0,3.0,90.0,1923.0
mv_hier,46.0,53.0,1.0,100.0,1025.0
bangkiit_SLI,41.0,58.0,0.0,51.0,2030.0
Caballo-inmortal,16.0,72.0,11.0,54.0,2131.0
DylanPiwari,56.0,39.0,4.0,100.0,2282.0
xxxgrishaxxx,45.0,49.0,6.0,100.0,1513.0
OmerSahin48,50.0,50.0,0.0,30.0,1938.0
Jadappa,50.0,48.0,2.0,100.0,1416.0
mehdialigol,41.0,53.0,6.0,100.0,1824.0
Red_Ermine,43.0,56.0,0.0,48.0,1776.0
Calisano2314,33.0,66.0,1.0,100.0,1676.0
Carlos-Ecuador,56.0,40.0,3.0,100.0,1357.0
herpo,44.0,55.0,1.0,100.0,1645.0
sisi2008,59.0,41.0,0.0,100.0,1704.0
Josayayque,40.0,56.0,4.0,75.0,2428.0
alireza500,46.0,46.0,6.0,45.0,1351.0
aliakbas06,40.0,60.0,0.0,15.0,957.0
Pradeeppbt,0.0,100.0,0.0,3.0,1348.0
gluhovchanin,56.0,39.0,4.0,69.0,1866.0
IsaacAbheek,45.0,55.0,0.0,100.0,2215.0
Dstickz,43.0,53.0,4.0,100.0,1747.0
howtoshuffle,55.0,42.0,3.0,100.0,1204.0
darktorr,30.0,61.0,7.0,39.0,1620.0
mongthangmotlan,51.0,48.0,1.0,100.0,1661.0
txere,40.0,60.0,0.0,30.0,1649.0
SergoZubr,56.0,39.0,4.0,69.0,1733.0
Generic_gamer,48.0,41.0,11.0,100.0,1535.0
gabersaker,43.0,54.0,3.0,100.0,1816.0
take_my_pawns1,28.0,71.0,0.0,21.0,1490.0
Lesly1986,0.0,100.0,0.0,3.0,1918.0
LukaMudischeff,51.0,45.0,4.0,100.0,1647.0
unexpectedirstmove,50.0,48.0,2.0,100.0,1015.0
meisterreineke,25.0,75.0,0.0,12.0,1607.0
Polito67,55.0,42.0,3.0,100.0,2077.0
Kokos91,46.0,50.0,4.0,100.0,1818.0
SUPERTALLS,32.0,66.0,2.0,100.0,1852.0
Fuzzzey,50.0,40.0,8.0,79.0,1456.0
Chesterton58,38.0,53.0,7.0,39.0,1669.0
tidaro,33.0,66.0,0.0,9.0,1740.0
bunnycubes,38.0,57.0,4.0,63.0,1920.0
Ego_2011,60.0,34.0,6.0,100.0,2233.0
OsIv90,49.0,45.0,6.0,100.0,1649.0
melvanz,46.0,43.0,11.0,100.0,2014.0
nizzydrip,57.0,39.0,3.0,100.0,1986.0
sagan01,49.0,49.0,2.0,100.0,1092.0
Ikhsanzain_LPA,45.0,53.0,2.0,100.0,2092.0
Kera-Kera,48.0,51.0,1.0,100.0,1833.0
pedro_garzav,46.0,49.0,5.0,100.0,1382.0
sue331,50.0,50.0,0.0,72.0,1743.0
ConMan_NH,33.0,66.0,0.0,9.0,1521.0
francastillo,44.0,50.0,6.0,100.0,1990.0
fr_ancie,31.0,56.0,12.0,48.0,1704.0
hansraegenkurt7,82.0,8.0,8.0,69.0,1906.0
ajb56,45.0,46.0,9.0,100.0,1908.0
AL2612,0.0,100.0,0.0,2.0,1169.0
mchelken,38.0,61.0,0.0,39.0,1836.0
Nebdvdmdv,42.0,54.0,4.0,100.0,2220.0
AboMarwa,43.0,43.0,13.0,69.0,1626.0
RDRaviya,51.0,43.0,6.0,100.0,2124.0
walidxnasr,59.0,33.0,8.0,100.0,1156.0
kavm0708,56.0,42.0,2.0,100.0,1380.0
macanao2,45.0,53.0,2.0,100.0,1790.0
MAGNUSLEBARBARE,25.0,75.0,0.0,12.0,1889.0
TomDubz,71.0,24.0,5.0,100.0,1868.0
SEBASTIANLA,48.0,52.0,0.0,100.0,871.0
Sabay64,55.0,39.0,6.0,100.0,1836.0
Simba0303,47.0,50.0,3.0,100.0,1722.0
lukasdubsky,34.0,61.0,3.0,78.0,1916.0
neom_rafay,44.0,48.0,6.0,87.0,1475.0
pestol_air,52.0,46.0,2.0,100.0,1865.0
harith_23,47.0,53.0,0.0,100.0,1226.0
rohmatt,52.0,46.0,2.0,100.0,2067.0
Bienteveo,33.0,67.0,0.0,100.0,1187.0
carlyle11,44.0,49.0,7.0,100.0,1822.0
Mihail1403,65.0,28.0,6.0,100.0,2183.0
RjadM,50.0,50.0,0.0,18.0,642.0
Giottolino,51.0,46.0,3.0,100.0,840.0
konstantin-12345,50.0,47.0,3.0,100.0,1716.0
EMMADXTRA,57.0,39.0,3.0,100.0,1868.0
DESTRUCTOR-NAYARITA,100.0,0.0,0.0,6.0,2208.0
HieronymusSchall,55.0,39.0,6.0,100.0,1756.0
Ximaj,48.0,44.0,8.0,100.0,2000.0
Boris_2185,35.0,64.0,0.0,42.0,1010.0
borko78,43.0,48.0,9.0,100.0,1809.0
mdranjbar,39.0,56.0,4.0,100.0,1537.0
arunpassi83,41.0,54.0,5.0,100.0,1498.0
Ayoub08362,37.0,43.0,18.0,16.0,1359.0
StarWars1970,52.0,41.0,7.0,100.0,1130.0
superpowerl,0.0,0.0,100.0,1.0,1500.0
SheSaid,100.0,0.0,0.0,3.0,1599.0
Mehdiyab,51.0,46.0,3.0,100.0,1520.0
Phillimaster,48.0,48.0,3.0,99.0,1755.0
BeneG,45.0,53.0,2.0,100.0,1709.0
Dadisalwaysgreat,58.0,34.0,6.0,87.0,1640.0
potvin,41.0,50.0,9.0,100.0,1905.0
Black1969,48.0,45.0,7.0,100.0,1535.0
chessmanuz2023,69.0,28.0,3.0,100.0,1904.0
thecook12,44.0,54.0,2.0,100.0,1515.0
FrancisTalaboc18,62.0,28.0,9.0,100.0,2275.0
Castledeknight,50.0,45.0,5.0,100.0,1850.0
putra12345d,43.0,48.0,9.0,100.0,1977.0
coldraisins,47.0,51.0,2.0,100.0,1921.0
afshin80959,42.0,57.0,0.0,7.0,1545.0
kameramen0,49.0,47.0,4.0,100.0,1277.0
regularnutjob,0.0,100.0,0.0,3.0,
Shyam007rock,31.0,65.0,3.0,96.0,1970.0
Arsam2013,55.0,42.0,3.0,100.0,2068.0
tatipell74,36.0,60.0,4.0,100.0,1484.0
ilamONTASH1,45.0,53.0,2.0,100.0,2161.0
ben_90,38.0,55.0,7.0,100.0,1527.0
Diliprk,45.0,53.0,2.0,100.0,1061.0
joaoschimith,33.0,66.0,0.0,36.0,1001.0
Panmegas,31.0,57.0,11.0,100.0,1944.0
percyvegac,100.0,0.0,0.0,3.0,1740.0
PAVVIL,34.0,61.0,5.0,100.0,1881.0
EthanPicardal,62.0,37.0,0.0,24.0,1329.0
Black_7hunder,100.0,0.0,0.0,9.0,1899.0
CapablancaMasterMind,50.0,29.0,20.0,72.0,2292.0
SMullyan,41.0,55.0,4.0,100.0,1686.0
E5F4,50.0,46.0,4.0,100.0,1816.0
UbrKrasnodar_52,9.0,90.0,0.0,11.0,795.0
Palat,45.0,52.0,3.0,100.0,1207.0
Muemin37,34.0,64.0,2.0,100.0,1524.0
Brueckentroll,42.0,53.0,5.0,100.0,1849.0
flufludiablo,56.0,41.0,3.0,100.0,2033.0
Antonkit1979,43.0,49.0,8.0,100.0,1712.0
gamerblaze7639,40.0,60.0,0.0,15.0,863.0
savagecabbage200,35.0,60.0,5.0,20.0,1589.0
cronaldinho,48.0,49.0,3.0,100.0,2130.0
boro4u,50.0,46.0,4.0,100.0,2184.0
lion_king_99,100.0,0.0,0.0,3.0,2373.0
Fossybaer,49.0,47.0,4.0,100.0,1681.0
Salvo_Pappalardo_CT,49.0,43.0,8.0,100.0,1625.0
Pushi7879,60.0,40.0,0.0,30.0,955.0
MadeinChitipa,68.0,31.0,0.0,57.0,1586.0
loval4ever,38.0,56.0,5.0,100.0,1918.0
TheAdventurous,44.0,51.0,5.0,100.0,1650.0
Yousefas218,45.0,53.0,2.0,100.0,1547.0
yosef2341,40.0,54.0,6.0,100.0,1913.0
Tsuak,30.0,54.0,16.0,100.0,2075.0
filidor77,40.0,59.0,0.0,96.0,1804.0
Suzanasilva,51.0,45.0,4.0,100.0,1365.0
nuwandahel,44.0,53.0,3.0,100.0,1714.0
Senzou,39.0,61.0,0.0,100.0,1411.0
man1akk1,47.0,53.0,0.0,100.0,1607.0
Matrixx47,44.0,52.0,4.0,100.0,1796.0
ERFAN_NASROLLAHI44,50.0,50.0,0.0,36.0,2167.0
satwikshetty,37.0,62.0,1.0,100.0,1623.0
Manjunatha_S,46.0,52.0,2.0,100.0,1439.0
TheHorseyOne,40.0,54.0,4.0,66.0,1273.0
gonejko,49.0,49.0,2.0,100.0,1918.0
shayanHN15,53.0,43.0,4.0,100.0,2055.0
KkapivaroviskK,51.0,45.0,4.0,100.0,1682.0
windar21,47.0,47.0,6.0,100.0,1800.0
ArturVF89,35.0,59.0,6.0,100.0,1524.0
Daggeah,0.0,100.0,0.0,3.0,1422.0
SadKnight1705,45.0,52.0,3.0,100.0,1702.0
bububublika,50.0,50.0,0.0,30.0,1927.0
Balgina-I,45.0,45.0,9.0,33.0,1360.0
USSR2_0,55.0,37.0,8.0,100.0,2302.0
Jenisu,53.0,40.0,6.0,45.0,1336.0
nozheo,43.0,50.0,7.0,100.0,1848.0
meteklan,63.0,24.0,13.0,100.0,2518.0
EDSON147852,43.0,51.0,6.0,100.0,1550.0
Baba_Dla_Bokr,54.0,43.0,3.0,100.0,2099.0
knittingmaster,55.0,43.0,2.0,100.0,1611.0
Airconix,33.0,66.0,0.0,9.0,1317.0
BlackDog888,49.0,42.0,9.0,100.0,1163.0
Chess_Lover90,44.0,44.0,10.0,87.0,2053.0
Sylma,48.0,51.0,1.0,100.0,1743.0
I10qbest,33.0,65.0,2.0,100.0,1302.0
Ashomekuuuum,63.0,27.0,9.0,33.0,2163.0
Alfredo195,63.0,35.0,2.0,100.0,1441.0
Rasulzade2,41.0,56.0,2.0,100.0,1274.0
UneVieillefemme,48.0,52.0,0.0,75.0,1390.0
Godsino,52.0,43.0,5.0,100.0,1946.0
I_FANAT_SERGEA_ZHUKA,46.0,48.0,6.0,100.0,2231.0
manas1234567,55.0,43.0,2.0,100.0,1827.0
BesteAlbert,57.0,36.0,6.0,99.0,1875.0
da_crack_in_daa_glas,24.0,68.0,8.0,100.0,1120.0
padillajeremyy,30.0,66.0,4.0,100.0,1785.0
jsimm,66.0,32.0,2.0,100.0,1577.0
namekarbari1401,47.0,52.0,1.0,100.0,1329.0
NURHISHAM07,39.0,57.0,3.0,100.0,1431.0
Scruffygalore,46.0,43.0,11.0,100.0,1383.0
SlimyTaco,48.0,46.0,6.0,100.0,1735.0
Saffiyaidayu,42.0,42.0,14.0,7.0,1448.0
eldrego,0.0,50.0,50.0,2.0,1185.0
Alorst,41.0,51.0,8.0,100.0,1995.0
see_de,41.0,53.0,6.0,100.0,1916.0
learningchesss6,41.0,50.0,8.0,72.0,1752.0
ValVikUA,59.0,36.0,4.0,66.0,2184.0
Bandt,61.0,37.0,2.0,100.0,2041.0
Vladimir85zp,48.0,46.0,6.0,100.0,1777.0
Manuelgv74,44.0,52.0,4.0,100.0,1346.0
Ka_an_dum_an,57.0,42.0,0.0,78.0,1423.0
sivahyd7,27.0,70.0,3.0,100.0,1586.0
SysGz,47.0,49.0,4.0,100.0,1710.0
VicenteGuedes,51.0,47.0,2.0,100.0,1825.0
CarloMagno09,51.0,34.0,13.0,87.0,2096.0
TheMar1,50.0,50.0,0.0,6.0,1765.0
eltaxista28,61.0,37.0,2.0,100.0,2133.0
CubaSUA,44.0,50.0,6.0,100.0,1244.0
MorrisonMotzi,51.0,44.0,5.0,100.0,2500.0
VaishnaviJ,36.0,57.0,5.0,57.0,1270.0
TheGreatSin,33.0,57.0,9.0,100.0,1832.0
Chess9153,46.0,46.0,6.0,45.0,1854.0
Elfugitivo,100.0,0.0,0.0,3.0,2742.0
firedark60,27.0,73.0,0.0,100.0,1434.0
euchawechana,46.0,52.0,2.0,100.0,2005.0
nihasharon,62.0,35.0,3.0,100.0,1858.0
BBBSH,49.0,46.0,5.0,100.0,1472.0
scannergr,44.0,42.0,14.0,100.0,1918.0
AnujManiar,45.0,49.0,6.0,100.0,1777.0
Sergei_Kasakov,53.0,46.0,1.0,100.0,1485.0
Spielhannsl,46.0,44.0,10.0,100.0,1805.0
RICARDO0101,41.0,55.0,4.0,100.0,1775.0
megalodon_07,53.0,46.0,1.0,100.0,1183.0
gluteus4maximus,25.0,75.0,0.0,48.0,840.0
Thoriq_jepara21,48.0,47.0,5.0,100.0,1960.0
Subratamaji9800,33.0,66.0,0.0,36.0,1371.0
adrimalgrat,46.0,54.0,0.0,100.0,1549.0
isahbiho,52.0,46.0,2.0,100.0,2099.0
ReMaTematik,48.0,48.0,4.0,100.0,1520.0
slurpslur,0.0,100.0,0.0,6.0,1488.0
PAPKA_BUMAG,47.0,48.0,5.0,100.0,1859.0
junie_polaris,53.0,46.0,0.0,45.0,1860.0
grejolo,50.0,45.0,5.0,100.0,1100.0
Elajedrecistaguiller,56.0,40.0,3.0,100.0,950.0
AngeloAA12,27.0,62.0,11.0,100.0,840.0
Arkanello,53.0,36.0,11.0,100.0,2558.0
Krutoon,20.0,80.0,0.0,15.0,2086.0
raumlich,0.0,100.0,0.0,3.0,1398.0
Gundala7,55.0,44.0,1.0,100.0,2123.0
Black_lion1,48.0,43.0,9.0,100.0,
petitprincesito,52.0,46.0,2.0,100.0,2111.0
ersin131313,25.0,75.0,0.0,24.0,1373.0
AHMADI_ADI,48.0,47.0,5.0,100.0,1922.0
Ekim_Arda,47.0,48.0,5.0,100.0,1406.0
Risitas12,42.0,56.0,2.0,100.0,1695.0
Valentin_Unhold,82.0,14.0,4.0,100.0,2478.0
Wiz27,46.0,44.0,10.0,100.0,1950.0
NoobKyller,30.0,65.0,3.0,78.0,1621.0
emmally,40.0,56.0,4.0,75.0,1790.0
Kidlo_Vladimir,48.0,47.0,5.0,100.0,2103.0
Aleskunder,49.0,40.0,11.0,100.0,2020.0
timcamins,50.0,49.0,1.0,100.0,1839.0
peternabil,48.0,51.0,1.0,100.0,1884.0
Ronald-Tepan24,56.0,36.0,8.0,100.0,1599.0
sschest,73.0,18.0,9.0,100.0,2545.0
AQUAMAN_SLCA,77.0,22.0,0.0,27.0,1892.0
phoenix4717,49.0,48.0,3.0,100.0,1846.0
Edkeddemie,52.0,45.0,3.0,100.0,1802.0
kenosh100,50.0,47.0,2.0,91.0,1680.0
Maartenrsr,59.0,37.0,4.0,100.0,1946.0
oxycotin,25.0,75.0,0.0,12.0,1154.0
StefanBotz17,70.0,29.0,0.0,51.0,2073.0
caye10,33.0,66.0,0.0,6.0,1359.0
Iturbide18,41.0,48.0,11.0,100.0,1717.0
turkuaz50,47.0,45.0,8.0,100.0,1735.0
ShamsiyevRamazan,44.0,52.0,4.0,100.0,1873.0
Carlos1628,44.0,49.0,7.0,100.0,1726.0
bozorovelyor,23.0,61.0,15.0,39.0,1608.0
Poussinatorus,48.0,49.0,3.0,100.0,1395.0
brayesi,49.0,45.0,6.0,100.0,1701.0
skalde,46.0,48.0,6.0,100.0,1980.0
Sterrenburg,55.0,35.0,10.0,100.0,2157.0
cobanmathew,41.0,56.0,3.0,100.0,1081.0
Las_KCI,45.0,47.0,6.0,46.0,1846.0
Ridhaan_gupta,25.0,75.0,0.0,24.0,677.0
Am47276,50.0,50.0,0.0,18.0,1507.0
Edtkbyf,0.0,0.0,100.0,39.0,1518.0
ArmKir,0.0,100.0,0.0,3.0,2141.0
EurosJ,40.0,60.0,0.0,15.0,1706.0
A7med1472005,54.0,45.0,0.0,66.0,1412.0
chuchmek2008,52.0,40.0,8.0,100.0,2336.0
CHESSRAJ12,49.0,45.0,6.0,100.0,1800.0
Teufelsdrohung,45.0,53.0,2.0,100.0,1842.0
Lokanj,43.0,51.0,6.0,100.0,1805.0
Snowball_21,45.0,50.0,5.0,100.0,1794.0
TumeloLs,46.0,53.0,1.0,100.0,1822.0
shayardno,49.0,48.0,3.0,100.0,1692.0
n_athan,43.0,48.0,9.0,100.0,1589.0
samrao554,52.0,47.0,1.0,100.0,871.0
Yuri_DZO,51.0,47.0,2.0,100.0,1927.0
GoodBahia,42.0,56.0,1.0,100.0,2026.0
Garon123,49.0,46.0,5.0,100.0,1780.0
rashidbishop,55.0,45.0,0.0,100.0,1979.0
Ronnieboy_1980,54.0,46.0,0.0,100.0,1796.0
Kentatsu30,50.0,45.0,5.0,100.0,1711.0
iafflerbach,39.0,56.0,5.0,100.0,1730.0
cooldzr,56.0,41.0,2.0,100.0,1445.0
Abdulkerim2141,46.0,48.0,6.0,100.0,1501.0
yassin-ahmed13,50.0,25.0,25.0,12.0,841.0
Mansyrka,35.0,60.0,5.0,100.0,979.0
biobalychok,47.0,50.0,3.0,100.0,1151.0
oolol,57.0,40.0,2.0,100.0,1814.0
Javus_Scriptus,45.0,50.0,5.0,100.0,1636.0
mohammadMHL,43.0,55.0,2.0,100.0,1726.0
pandaloafers,80.0,20.0,0.0,15.0,1719.0
pavlovskii,56.0,43.0,0.0,48.0,1546.0
Tresor7347,42.0,56.0,2.0,100.0,1604.0
Dheerajgehlot1998,31.0,60.0,8.0,35.0,917.0
Nabyl149,38.0,56.0,6.0,100.0,1863.0
Kirill_bankir84,56.0,39.0,5.0,100.0,999.0
Robin4056,44.0,49.0,7.0,100.0,1737.0
DOCTORTABATABAEI,53.0,45.0,2.0,100.0,1971.0
FeSCN3,50.0,46.0,4.0,100.0,1027.0
HiiHigh,40.0,56.0,4.0,100.0,1854.0
Bang_Dhani,46.0,49.0,5.0,100.0,1834.0
Arunithya,0.0,100.0,0.0,6.0,1139.0
boskipers,0.0,0.0,100.0,3.0,1032.0
OnlyDivo,51.0,48.0,1.0,100.0,1722.0
Kopatuch15-17,46.0,40.0,13.0,45.0,2410.0
fer5482Usbsnnsn,56.0,40.0,3.0,90.0,1547.0
Ktrichess,46.0,53.0,1.0,100.0,1759.0
petrkraus171,29.0,52.0,17.0,51.0,1395.0
Komadams,59.0,34.0,6.0,96.0,1684.0
aslamalappuzha,51.0,44.0,5.0,100.0,1754.0
keri0n_2003,35.0,57.0,7.0,100.0,1600.0
Azrail32-11,53.0,43.0,4.0,100.0,2000.0
willyjuanda,43.0,55.0,2.0,100.0,1635.0
Keenedge,51.0,42.0,7.0,100.0,1928.0
zedyka,100.0,0.0,0.0,1.0,1500.0
DorukEfeKarasu,50.0,45.0,5.0,100.0,1735.0
Hosenali_izadpanah,45.0,53.0,2.0,100.0,1802.0
Guarneyork,50.0,44.0,6.0,100.0,2057.0
josifas53,47.0,45.0,8.0,100.0,2114.0
DukeNukem3D,47.0,49.0,4.0,100.0,1367.0
Zarkara2-0,43.0,52.0,5.0,100.0,1715.0
blackswordknight,50.0,50.0,0.0,6.0,1884.0
irfansai,34.0,54.0,12.0,100.0,1002.0
stz09,40.0,53.0,7.0,100.0,1596.0
estroso,43.0,54.0,3.0,100.0,1048.0
jabanchic,30.0,66.0,4.0,100.0,1283.0
lenane,48.0,51.0,1.0,100.0,1788.0
Salomo_Pane,55.0,45.0,0.0,100.0,1855.0
yuyinadiy,85.0,14.0,0.0,21.0,1100.0
Zakiruskami,52.0,41.0,7.0,100.0,1894.0
arafat1976a,48.0,46.0,6.0,100.0,1819.0
NazRod15,52.0,45.0,3.0,100.0,1256.0
makishiimaa,42.0,55.0,3.0,100.0,1180.0
Nuronom1,57.0,37.0,5.0,100.0,1286.0
ibrahimkrdmn,49.0,48.0,3.0,100.0,937.0
arturchix,52.0,39.0,9.0,100.0,2722.0
Zal-Aida,63.0,27.0,9.0,33.0,1928.0
IWasBornAsAPawnStar,48.0,46.0,6.0,100.0,2161.0
ch_unuruu,53.0,42.0,5.0,100.0,2028.0
Maaz_js,33.0,63.0,3.0,33.0,1135.0
BastianLoL07,47.0,44.0,9.0,100.0,2019.0
Lincoln88,70.0,27.0,3.0,100.0,1401.0
MawutorR,46.0,47.0,7.0,100.0,2052.0
Gorm2014,40.0,56.0,3.0,100.0,1896.0
hbb,46.0,52.0,2.0,100.0,1374.0
nothing_new34,47.0,47.0,4.0,63.0,1277.0
haxtm,59.0,39.0,2.0,100.0,2147.0
GambitoMatute,43.0,52.0,5.0,100.0,1814.0
rushkeldon,49.0,47.0,4.0,100.0,1375.0
Dgita35492,57.0,34.0,8.0,100.0,2428.0
WizWhys,47.0,52.0,1.0,100.0,2083.0
erdemirbasss,0.0,100.0,0.0,3.0,1032.0
Sockwater,48.0,52.0,0.0,100.0,2344.0
Serg684,51.0,44.0,5.0,100.0,1976.0
Rodavlas64,42.0,55.0,3.0,100.0,1361.0
imjosemourinho,55.0,42.0,3.0,100.0,1923.0
Talab2019,45.0,50.0,5.0,100.0,1829.0
Moonlitie,57.0,36.0,5.0,57.0,1498.0
chess_leader77,53.0,38.0,9.0,100.0,1479.0
ClubArevalo,66.0,23.0,9.0,63.0,2417.0
johngharris,56.0,39.0,5.0,100.0,1719.0
cool1707guy,52.0,48.0,0.0,100.0,1643.0
ole_7,30.0,69.0,0.0,39.0,1168.0
tango123,55.0,44.0,1.0,100.0,2031.0
DalgaTrampet,45.0,50.0,5.0,100.0,1353.0
DrFrick1,53.0,41.0,6.0,100.0,2192.0
Daniil2558,0.0,100.0,0.0,12.0,701.0
bluecat_90,38.0,61.0,1.0,100.0,1814.0
DraAmelie11,51.0,49.0,0.0,100.0,1040.0
Gandu_khan,35.0,64.0,0.0,42.0,1744.0
lemonsharket,46.0,51.0,3.0,100.0,1485.0
abuzerbilgin47,48.0,48.0,4.0,100.0,1583.0
AndruCaptain27UA,27.0,72.0,0.0,33.0,1038.0
mostafa_mando,57.0,41.0,1.0,100.0,1975.0
BlackAttack7,56.0,44.0,0.0,100.0,1827.0
Larrea-1017,43.0,55.0,2.0,100.0,1319.0
chotakat,43.0,55.0,2.0,100.0,1306.0
YurisonK,40.0,49.0,11.0,100.0,1009.0
CzechDad,50.0,47.0,3.0,100.0,1906.0
Albert7,57.0,14.0,28.0,21.0,1922.0
frederic66,48.0,45.0,7.0,100.0,1455.0
Andrey231999,44.0,55.0,1.0,100.0,1798.0
VishagAdhav,80.0,20.0,0.0,15.0,1161.0
Gharic,47.0,46.0,7.0,100.0,1441.0
BerndBussek,67.0,16.0,16.0,62.0,2110.0
oaland,56.0,44.0,0.0,100.0,1360.0
AlexanderSh55,58.0,29.0,11.0,51.0,1911.0
Juve13,55.0,33.0,11.0,27.0,1185.0
Semen-s-wysoty,27.0,66.0,5.0,54.0,941.0
RaghadMA20,48.0,49.0,3.0,100.0,1400.0
e4_tragedy,11.0,58.0,29.0,51.0,1480.0
Anderson712,33.0,66.0,0.0,36.0,1088.0
johnclaessens,53.0,43.0,3.0,90.0,1745.0
Skanderbeg,64.0,22.0,14.0,100.0,1645.0
Vbd88,64.0,36.0,0.0,100.0,1343.0
faramarz38,48.0,51.0,1.0,100.0,1391.0
ron360,51.0,49.0,0.0,100.0,1798.0
SerkanTurksoy,42.0,42.0,14.0,21.0,1574.0
phaeophycean,40.0,60.0,0.0,5.0,1234.0
BenPupo1978,46.0,53.0,1.0,100.0,1856.0
wetlands0,46.0,47.0,7.0,100.0,1483.0
basir1323,45.0,49.0,6.0,100.0,1651.0
AadiVashishth,40.0,50.0,10.0,90.0,1092.0
TheBabiton,42.0,38.0,19.0,78.0,2215.0
SomeGuy1117,100.0,0.0,0.0,9.0,1232.0
ChessVladoVJ,37.0,61.0,2.0,100.0,1379.0
Pupkov_AG,49.0,47.0,4.0,100.0,1806.0
Swatipal,48.0,50.0,2.0,100.0,2170.0
testtzz34,49.0,49.0,2.0,100.0,1081.0
akanevskiy,53.0,36.0,11.0,100.0,1898.0
PISTACHOS,47.0,50.0,3.0,100.0,1783.0
EvrenDogmus,44.0,49.0,7.0,100.0,1598.0
geges,46.0,50.0,4.0,100.0,1647.0
lalalililulu,58.0,33.0,8.0,36.0,1916.0
TrapGODCutta,46.0,47.0,7.0,100.0,1429.0
chidlu67000,46.0,52.0,2.0,100.0,1712.0
Patatas269,30.0,70.0,0.0,100.0,1635.0
yogesh_salve,42.0,57.0,0.0,21.0,1373.0
CatsSoup,43.0,48.0,9.0,100.0,2359.0
Milan_897,23.0,61.0,15.0,39.0,1675.0
benderdome,62.0,30.0,8.0,100.0,2020.0
oziaschess,60.0,38.0,2.0,100.0,1617.0
kostasfeed,49.0,50.0,1.0,100.0,1382.0
Amateurmeister,56.0,35.0,8.0,100.0,2303.0
catalan13,35.0,65.0,0.0,100.0,1471.0
Tekukur,47.0,53.0,0.0,100.0,1515.0
jasm23,54.0,44.0,2.0,100.0,1658.0
wari05,54.0,43.0,3.0,100.0,2037.0
AHBlauert,35.0,44.0,21.0,100.0,2362.0
rahul1117,38.0,60.0,2.0,100.0,1097.0
xuyagaa,50.0,50.0,0.0,100.0,1184.0
dikkka,56.0,38.0,6.0,100.0,1317.0
bradwanaa,44.0,49.0,7.0,100.0,1889.0
hasancaprac,48.0,45.0,7.0,100.0,1972.0
Dillan-en-slip,52.0,43.0,5.0,100.0,2106.0
Flash_277,80.0,17.0,3.0,100.0,1587.0
glueeater123,100.0,0.0,0.0,6.0,1504.0
DOK06081998,50.0,33.0,16.0,18.0,2170.0
Shervin_Hajipour,39.0,50.0,11.0,100.0,2208.0
Danielskii,33.0,62.0,4.0,72.0,1233.0
ValentinGuayqui2005,40.0,60.0,0.0,15.0,1977.0
Zappanale,45.0,51.0,4.0,100.0,1454.0
carlsenpritish777,66.0,33.0,0.0,9.0,1491.0
astralboy,45.0,53.0,2.0,100.0,1960.0
chicodagrota,60.0,40.0,0.0,15.0,1836.0
Jaitig,50.0,50.0,0.0,6.0,1460.0
Hiquias,52.0,44.0,4.0,100.0,2032.0
K83110,45.0,51.0,4.0,100.0,1287.0
Amin_Kahyaei,51.0,45.0,4.0,100.0,2032.0
JRubenGalvan,44.0,51.0,5.0,100.0,1525.0
sd1313,43.0,56.0,0.0,69.0,1802.0
SALAZAR_RUS,40.0,60.0,0.0,15.0,1966.0
ldereyna,0.0,100.0,0.0,3.0,1089.0
Billy_Herrington7876,51.0,46.0,3.0,100.0,1580.0
Mu7a-10,57.0,37.0,5.0,100.0,1615.0
arturkalka,44.0,33.0,22.0,9.0,1938.0
Konst777,50.0,45.0,5.0,100.0,1796.0
CapoJM,33.0,60.0,7.0,100.0,1829.0
Wolf1860,56.0,35.0,9.0,100.0,2010.0
SajidK,46.0,53.0,0.0,39.0,1769.0
klassik84,42.0,50.0,7.0,42.0,1679.0
Sentinel1200,50.0,44.0,6.0,100.0,1516.0
MrFranknam,55.0,40.0,5.0,100.0,1575.0
luizdrew,60.0,32.0,7.0,84.0,2047.0
zdenkec50,51.0,43.0,6.0,100.0,2233.0
chanca0123,53.0,38.0,7.0,39.0,1765.0
KashifHameed,38.0,62.0,0.0,100.0,1718.0
Emmydrums1,56.0,39.0,4.0,100.0,1402.0
DimuxChess,49.0,49.0,2.0,100.0,1444.0
Champos95,44.0,51.0,5.0,100.0,1662.0
costinpopa,43.0,52.0,5.0,100.0,1653.0
vinu_123,52.0,42.0,6.0,100.0,2129.0
az_-ote1962,40.0,55.0,5.0,100.0,2061.0
Vlastelin_1,44.0,54.0,2.0,100.0,1335.0
That_girl_999,50.0,38.0,12.0,100.0,1871.0
VinkelPernik,41.0,51.0,8.0,100.0,2402.0
Bonarsiusspy,56.0,37.0,6.0,100.0,2018.0
Palani007,35.0,63.0,2.0,100.0,1679.0
elee1390,50.0,50.0,0.0,18.0,2073.0
SgBaNaN8594,45.0,49.0,6.0,100.0,1877.0
VkysniyChlen,51.0,46.0,3.0,100.0,1725.0
marquisdelafayette,57.0,37.0,5.0,100.0,1406.0
Ageingninja,50.0,50.0,0.0,12.0,2017.0
omarrej_03,66.0,31.0,3.0,100.0,2030.0
Porsche_911_GT3_RS,25.0,50.0,25.0,12.0,1963.0
MarloweCagulada01,63.0,26.0,10.0,57.0,2176.0
caruchaperez,43.0,45.0,12.0,100.0,1841.0
nightmare7x,66.0,33.0,0.0,9.0,1845.0
ChessI_1_894,56.0,39.0,4.0,23.0,1782.0
moc1312010,40.0,54.0,4.0,66.0,1199.0
joseh1963,47.0,44.0,9.0,100.0,1890.0
Phantasticoo,74.0,26.0,0.0,100.0,2164.0
HammerschlagWins,59.0,37.0,3.0,96.0,1662.0
Drobysheva,25.0,74.0,0.0,31.0,850.0
GaLvAnAx31,56.0,41.0,3.0,100.0,1529.0
kaya1956,66.0,33.0,0.0,72.0,1607.0
canki,57.0,38.0,4.0,100.0,1279.0
maiavaseline,64.0,28.0,7.0,42.0,1903.0
Master_ito,56.0,42.0,1.0,100.0,1436.0
VidadiH,42.0,54.0,4.0,100.0,1831.0
Abihilal,45.0,45.0,10.0,100.0,2186.0
steed009,50.0,47.0,3.0,100.0,1511.0
Joseph_1-one,53.0,40.0,7.0,100.0,1887.0
ModusWarszawa,40.0,50.0,10.0,100.0,1951.0
DurgaVipin,57.0,42.0,0.0,84.0,1465.0
Norbertt_9,74.0,22.0,4.0,100.0,2509.0
luider4,0.0,100.0,0.0,3.0,1142.0
regimon,52.0,46.0,2.0,100.0,1713.0
Mehmet_Ali1,47.0,51.0,2.0,100.0,1561.0
bossechess,40.0,51.0,9.0,100.0,1225.0
silar1262,49.0,45.0,6.0,100.0,2039.0
darker7,51.0,45.0,4.0,100.0,2141.0
FrancoisLaBurgiere,47.0,47.0,6.0,100.0,1974.0
Mimancs,57.0,33.0,9.0,100.0,2367.0
Riaad_Morshed,43.0,53.0,4.0,100.0,1322.0
AkhilArjun,53.0,45.0,2.0,100.0,1971.0
andwappe,41.0,55.0,4.0,100.0,1334.0
Shadow73,43.0,50.0,7.0,100.0,1730.0
SaulGoodMan2003,60.0,40.0,0.0,15.0,1343.0
Grandmode,55.0,45.0,0.0,100.0,1748.0
AliAlhasan10,66.0,33.0,0.0,9.0,1662.0
RabbitDwarf,33.0,66.0,0.0,18.0,1783.0
izml3wari,47.0,45.0,8.0,100.0,1919.0
faketory,59.0,37.0,4.0,100.0,1313.0
compozitor,45.0,51.0,4.0,100.0,1112.0
mahmoudAli922021,37.0,56.0,6.0,100.0,1916.0
Mv150,56.0,36.0,8.0,100.0,1837.0
Renatatuil16,46.0,53.0,1.0,100.0,1353.0
Nico_F,53.0,41.0,6.0,100.0,1792.0
CHESSFOCUS2024,43.0,54.0,3.0,100.0,1650.0
Do6pbIH9_TLT,65.0,34.0,1.0,100.0,1429.0
yaghoub-bostanabad,54.0,37.0,9.0,100.0,1834.0
jaykuhn,56.0,43.0,1.0,100.0,1112.0
JoseMoran241998,46.0,51.0,3.0,100.0,838.0
AJFranco,53.0,45.0,2.0,100.0,1998.0
jvallabh,47.0,48.0,5.0,100.0,1455.0
skay1996,49.0,44.0,7.0,100.0,1714.0
AzleJ,28.0,71.0,0.0,21.0,1581.0
Christian81,51.0,49.0,0.0,100.0,1722.0
Fredbis75,45.0,48.0,7.0,100.0,1343.0
seryj_volk,52.0,47.0,1.0,100.0,1454.0
NITZEM,72.0,27.0,0.0,54.0,1896.0
MuratDushanbe,50.0,45.0,5.0,100.0,1507.0
LindauX,41.0,56.0,2.0,100.0,1760.0
docjeanous,46.0,50.0,4.0,100.0,1419.0
GambitFrajera,51.0,48.0,1.0,100.0,1736.0
difzb,20.0,80.0,0.0,15.0,1879.0
kris_huul,51.0,48.0,1.0,100.0,1477.0
Emiriwnl,50.0,46.0,3.0,96.0,1855.0
prafya,56.0,41.0,2.0,100.0,1525.0
eltombojibbs,35.0,54.0,11.0,100.0,1520.0
rodmorz,46.0,51.0,3.0,100.0,2047.0
Sachin_1000,53.0,45.0,2.0,100.0,1761.0
ebeebe71,47.0,47.0,6.0,100.0,2005.0
PutnamAway,45.0,53.0,2.0,100.0,1230.0
fafic,65.0,34.0,0.0,69.0,1520.0
ChessKingIlonaJovinG,62.0,36.0,2.0,100.0,1882.0
iamsaitamasbrother,0.0,100.0,0.0,2.0,1500.0
Bohner1996,60.0,40.0,0.0,90.0,1182.0
Vishudeking,43.0,46.0,11.0,100.0,1782.0
bartosalto,44.0,53.0,3.0,100.0,1915.0
Alekhine_Amazonense,46.0,46.0,8.0,100.0,2016.0
tvpchess,42.0,52.0,6.0,100.0,1324.0
vittorioeltalar,54.0,36.0,9.0,66.0,1384.0
Patriot_KCI,46.0,44.0,10.0,100.0,2017.0
Zlutypes,47.0,48.0,5.0,100.0,2128.0
nanudelacruz,47.0,52.0,1.0,100.0,1494.0
liangpeize0101,0.0,100.0,0.0,2.0,1043.0
malvadomen,49.0,43.0,8.0,100.0,2056.0
Illegaltactics,100.0,0.0,0.0,3.0,1981.0
Luis_Kuara,47.0,47.0,6.0,100.0,956.0
sarkepo,41.0,52.0,7.0,100.0,1943.0
Thunderbird991,37.0,62.0,0.0,24.0,1810.0
Qamar99,46.0,53.0,1.0,100.0,1108.0
MaxKing,44.0,42.0,14.0,100.0,2053.0
kev90,44.0,51.0,5.0,100.0,1211.0
Cosianfiro,50.0,50.0,0.0,18.0,1694.0
GIS1963,57.0,41.0,1.0,100.0,1404.0
escanor_lionsin,43.0,56.0,0.0,100.0,1703.0
csucsu2,54.0,43.0,3.0,100.0,1573.0
Anvarhuja,62.0,37.0,0.0,72.0,1910.0
PushMyRating,100.0,0.0,0.0,3.0,2075.0
victor008,44.0,50.0,6.0,100.0,1603.0
Javohirm,40.0,60.0,0.0,30.0,2149.0
demiryilmaz14,37.0,55.0,6.0,87.0,1242.0
TilATQ,100.0,0.0,0.0,12.0,1673.0
Prommizex,64.0,31.0,5.0,100.0,2179.0
SJB87,46.0,52.0,2.0,100.0,1551.0
dragonRouge2,54.0,38.0,8.0,100.0,1956.0
LegendaryStatus,65.0,35.0,0.0,100.0,2363.0
torredelvinagre,45.0,53.0,2.0,100.0,1738.0
Phayrouz,52.0,48.0,0.0,100.0,1883.0
Rutracker,46.0,43.0,11.0,100.0,2048.0
rfoxk,41.0,50.0,8.0,36.0,971.0
D_Malishenko,31.0,62.0,6.0,16.0,1342.0
tininho58,36.0,62.0,2.0,100.0,1724.0
mzwandile14,50.0,50.0,0.0,30.0,1828.0
captainphilips,48.0,40.0,12.0,100.0,2111.0
Robchessmaster,85.0,14.0,0.0,81.0,2372.0
mata2016,67.0,33.0,0.0,100.0,1544.0
akhmedya,0.0,100.0,0.0,3.0,2173.0
Ritik1407,16.0,75.0,8.0,36.0,1655.0
majid-ho,54.0,46.0,0.0,100.0,1304.0
greg24,45.0,47.0,8.0,100.0,2214.0
Dominik76,48.0,42.0,10.0,100.0,2118.0
TimJongUnDerZweite,50.0,50.0,0.0,12.0,1648.0
lastmoon_arlekinos,56.0,42.0,2.0,100.0,1117.0
DrKarpov,42.0,54.0,4.0,100.0,2198.0
A_L_I_S_H,46.0,53.0,1.0,100.0,1506.0
Davutt1,45.0,54.0,1.0,100.0,1626.0
invaderDZ,43.0,54.0,3.0,100.0,1620.0
programjames,50.0,50.0,0.0,6.0,1804.0
feroz3004,56.0,40.0,3.0,100.0,1662.0
Stephaaanooo,68.0,31.0,0.0,66.0,1710.0
zlinton8,31.0,67.0,2.0,100.0,1192.0
Nikolay2011Smolensk,50.0,50.0,0.0,6.0,1970.0
Kramnepo,38.0,57.0,4.0,100.0,1790.0
shubimuthal,50.0,50.0,0.0,6.0,2148.0
playerinthedark,56.0,36.0,8.0,100.0,1634.0
sergery,51.0,48.0,1.0,100.0,1072.0
ahmdd55,47.0,52.0,0.0,51.0,1707.0
IAmTheSpeed,16.0,83.0,0.0,18.0,1168.0
Seuzzzz,45.0,53.0,2.0,100.0,1582.0
julwado,43.0,50.0,7.0,100.0,1414.0
xXWasabeXx,48.0,37.0,15.0,100.0,1894.0
Satishps,44.0,44.0,11.0,27.0,2047.0
ABA_anas,50.0,40.0,10.0,60.0,1577.0
Golakh,56.0,42.0,2.0,100.0,1820.0
asg2000,0.0,0.0,100.0,6.0,2153.0
Weriop6365,43.0,51.0,6.0,100.0,1878.0
VyanKilla,31.0,68.0,0.0,87.0,1545.0
Josesegovia,45.0,48.0,7.0,100.0,1120.0
DalmatianOnThe_Board,56.0,39.0,5.0,100.0,2156.0
HARSHAWARDHAN2016,33.0,66.0,0.0,9.0,1930.0
azomio,47.0,51.0,2.0,100.0,1495.0
pmergoil,33.0,66.0,0.0,9.0,1948.0
Toledo2017,53.0,45.0,2.0,100.0,2024.0
DukeChess,42.0,46.0,10.0,84.0,1828.0
